Lifetime Post Total Reach,Lifetime Engaged Users,Lifetime Post Consumers,Lifetime Post Impressions by people who have liked your Page,Lifetime Post reach by people who like your Page,Lifetime People who have liked your Page and engaged with your post,comment,like,share,Type_Photo,Type_Status,Type_Video,Category_2,Category_3,Post Month_2,Post Month_3,Post Month_4,Post Month_5,Post Month_6,Post Month_7,Post Month_8,Post Month_9,Post Month_10,Post Month_11,Post Month_12,Post Weekday_2,Post Weekday_3,Post Weekday_4,Post Weekday_5,Post Weekday_6,Post Weekday_7,Post Hour_2,Post Hour_3,Post Hour_4,Post Hour_5,Post Hour_6,Post Hour_7,Post Hour_8,Post Hour_9,Post Hour_10,Post Hour_11,Post Hour_12,Post Hour_13,Post Hour_14,Post Hour_15,Post Hour_16,Post Hour_17,Post Hour_18,Post Hour_19,Post Hour_20,Post Hour_22,Post Hour_23,Paid_1.0
-0.4908593391388422,-0.7543907708883417,109,3078,1640,119,-0.16455795679749943,-0.3053747753160574,-0.23659494217544663,True,False,False,True,False,False,False,False,False,False,False,False,False,False,False,True,False,False,True,False,False,False,False,True,False,False,False,False,False,False,False,False,False,False,False,False,False,False,False,False,False,False,False,False
-0.15156944211442586,0.5453648625729498,1361,11710,6112,1108,-0.117298348297356,-0.14740628417984758,0.04596271169650401,False,True,False,True,False,False,False,False,False,False,False,False,False,False,False,True,False,True,False,False,False,False,False,False,False,False,False,False,False,False,True,False,False,False,False,False,False,False,False,False,False,False,False,False
-0.5057814038886187,-0.7554069989051214,113,2812,1503,132,-0.35359639079807315,-0.34564125344881674,-0.30723435564343426,True,False,False,False,True,False,False,False,False,False,False,False,False,False,False,True,False,True,False,False,False,False,False,True,False,False,False,False,False,False,False,False,False,False,False,False,False,False,False,False,False,False,False,False
1.5945322230600096,1.311600787224876,790,61027,32048,1386,2.3874609022102455,4.319075367161615,2.8244463081040183,True,False,False,True,False,False,False,False,False,False,False,False,False,False,False,True,True,False,False,False,False,False,False,False,False,False,False,False,False,False,True,False,False,False,False,False,False,False,False,False,False,False,False,True
-0.29313097673177446,-0.25339035861592835,410,6228,3200,396,0.544336170704652,0.45659088781154294,0.5168921348164217,True,False,False,True,False,False,False,False,False,False,False,False,False,False,False,True,True,False,False,False,False,False,False,True,False,False,False,False,False,False,False,False,False,False,False,False,False,False,False,False,False,False,False,False
-0.15104122743301784,0.2750482101095381,1073,16034,7852,1016,-0.3063367822979297,-0.07926301349363941,0.14014859632048757,False,True,False,True,False,False,False,False,False,False,False,False,False,False,False,True,False,False,False,False,False,False,False,False,False,False,False,False,False,True,False,False,False,False,False,False,False,False,False,False,False,False,False,False
-0.09733940148986943,-0.44647368180407954,265,15432,9328,379,-0.21181756529764284,0.22118686180464203,-0.0011302306154877617,True,False,False,False,True,False,False,False,False,False,False,False,False,False,False,True,False,False,False,False,False,False,False,True,False,False,False,False,False,False,False,False,False,False,False,False,False,False,False,False,False,False,False,True
-0.008071120331914528,-0.3895649128644139,232,19728,11056,422,-0.35359639079807315,0.45659088781154294,-0.30723435564343426,True,False,False,False,True,False,False,False,False,False,False,False,False,False,False,True,False,False,False,False,False,True,False,False,False,False,False,False,False,True,False,False,False,False,False,False,False,False,False,False,False,False,False,True
-0.09064868219203455,0.6195495077978711,1407,15220,7912,1250,-0.35359639079807315,-0.051386220940190616,0.09305565400849579,False,True,False,True,False,False,False,False,False,False,False,False,False,False,False,True,False,False,False,False,False,True,False,True,False,False,False,False,False,False,False,False,False,False,False,False,False,False,False,False,False,False,False,False
-0.40537659653097813,-0.6507355131768079,183,4309,2324,199,-0.21181756529764284,-0.20006244789191752,-0.024676701771483647,True,False,False,False,True,False,False,False,False,False,False,False,False,False,False,True,False,False,False,False,True,False,False,False,False,False,False,False,False,False,True,False,False,False,False,False,False,False,False,False,False,False,False,False
0.34512842996957965,3.3918195375730105,4100,37849,18952,3798,-0.35359639079807315,0.17162811948739973,-0.18950199986345484,False,True,False,True,False,False,False,False,False,False,False,False,False,False,False,True,False,False,False,True,False,False,False,False,False,False,False,False,False,False,True,False,False,False,False,False,False,False,False,False,False,False,False,False
-0.47501289869660174,-0.7239039303849494,127,3887,2174,165,-0.35359639079807315,-0.2774979827626086,-0.21304847101945074,True,False,False,True,False,False,False,False,False,False,False,False,False,False,False,True,False,False,False,True,False,False,False,False,False,False,False,False,False,False,True,False,False,False,False,False,False,False,False,False,False,False,False,False
-0.48667763957769544,-0.7391473506366456,115,3779,2072,152,-0.35359639079807315,-0.2713031399729533,-0.30723435564343426,True,False,False,True,False,False,False,False,False,False,False,False,False,False,False,True,False,False,False,True,False,False,False,False,False,False,False,False,False,False,True,False,False,False,False,False,False,False,False,False,False,False,False,False
-0.49979497083266117,-0.6822385816969799,134,3631,1917,183,-0.117298348297356,-0.12572433441605407,-0.40142024026741785,True,False,False,True,False,False,False,False,False,False,False,False,False,False,False,True,False,False,False,True,False,False,False,True,False,False,False,False,False,False,False,False,False,False,False,False,False,False,False,False,False,False,False,False
0.3909070356916078,-0.03388510699150381,337,34415,19312,684,-0.2590771737977863,1.237141079308109,-0.16595552870745897,True,False,False,True,False,False,False,False,False,False,False,False,False,False,False,True,False,False,True,False,False,False,False,False,False,True,False,False,False,False,False,False,False,False,False,False,False,False,False,False,False,False,False,True
-0.16917659816135977,0.34923285533445936,1209,17272,8548,1162,-0.16455795679749943,-0.2836928255522639,-0.21304847101945074,False,True,False,True,False,False,False,False,False,False,False,False,False,False,False,True,False,True,False,False,False,False,False,False,False,False,False,False,False,False,True,False,False,False,False,False,False,False,False,False,False,False,False,False
-0.536197765959697,-0.7696341911400378,123,1868,1050,123,-0.2590771737977863,-0.4261742097143355,-0.35432729795542606,True,False,False,False,True,False,False,False,False,False,False,False,False,False,False,True,False,True,False,False,False,False,False,True,False,False,False,False,False,False,False,False,False,False,False,False,False,False,False,False,False,False,False,False
1.7325723264679715,0.7984056387511058,1103,92512,39776,1307,0.35529773670407827,1.549980640185701,-0.16595552870745897,True,False,False,False,False,False,False,False,False,False,False,False,False,False,False,True,True,False,False,False,False,False,False,False,False,False,False,False,False,False,False,False,True,False,False,False,False,False,False,False,False,False,False,True
-0.43900626458062186,-0.8031697156937694,86,5009,2410,101,-0.16455795679749943,-0.3828103101867485,-0.23659494217544663,False,True,False,False,True,False,False,False,False,False,False,False,False,False,False,True,True,False,False,False,False,False,False,True,False,False,False,False,False,False,False,False,False,False,False,False,False,False,False,False,False,False,False,False
-0.5419641095650679,-0.8123157678447871,88,2116,1161,100,-0.35359639079807315,-0.44475873808330135,-0.4485131825794096,True,False,False,False,True,False,False,False,False,False,False,False,False,False,False,True,False,False,False,False,False,False,False,False,False,False,False,False,False,False,False,True,False,False,False,False,False,False,False,False,False,False,False,False
-0.4866336216875781,-0.7320337545191874,142,3561,1963,157,-0.21181756529764284,-0.34564125344881674,-0.35432729795542606,True,False,False,True,False,False,False,False,False,False,False,False,False,False,False,True,False,False,False,False,False,False,False,True,False,False,False,False,False,False,False,False,False,False,False,False,False,False,False,False,False,False,False,False
-0.5510758128193562,-0.9200359376234398,15,2196,1172,15,-0.35359639079807315,-0.5500710655074412,-0.6368849518273767,True,False,False,False,False,False,False,False,False,False,False,False,False,False,False,True,False,False,False,False,False,True,False,False,False,False,False,False,False,False,True,False,False,False,False,False,False,False,False,False,False,False,False,False
-0.45995878027647324,-0.8153644518951263,104,6282,3100,106,-0.35359639079807315,-0.5005123231901989,-0.5897920095153849,False,False,False,False,False,False,False,False,False,False,False,False,False,False,False,True,False,False,False,False,False,True,False,False,False,False,False,False,False,False,True,False,False,False,False,False,False,False,False,False,False,False,False,False
-0.49213585795224496,-0.7564232269219012,118,2964,1621,143,-0.35359639079807315,-0.3270567250798509,-0.07176964408347541,True,False,False,False,True,False,False,False,False,False,False,False,False,False,False,True,False,False,False,False,False,True,False,True,False,False,False,False,False,False,False,False,False,False,False,False,False,False,False,False,False,False,False,False
-0.23837272142581004,0.4274824126264996,1270,9684,5244,995,-0.21181756529764284,-0.24342634741950453,-0.18950199986345484,False,True,False,True,False,False,False,False,False,False,False,False,False,False,False,True,False,False,False,False,True,False,False,False,False,False,False,False,False,False,True,False,False,False,False,False,False,False,False,False,False,False,False,False
-0.2473523710097463,0.6104034556468534,1462,10266,5372,1200,-0.35359639079807315,-0.2774979827626086,-0.21304847101945074,False,True,False,True,False,False,False,False,False,False,False,False,False,False,False,True,False,False,False,False,True,False,False,True,False,False,False,False,False,False,False,False,False,False,False,False,False,False,False,False,False,False,False,False
0.24864121483238183,1.9162564572088234,2531,17748,9824,1779,0.11899969420336114,0.7260665491615479,1.058460971404327,False,True,False,True,False,False,False,False,False,False,False,False,False,False,False,True,False,False,False,True,False,False,False,False,False,False,False,False,False,False,False,True,False,False,False,False,False,False,False,False,False,False,False,False
-0.502920241030992,-0.7198390183178305,124,2612,1443,166,-0.35359639079807315,-0.24032892602467687,-0.23659494217544663,True,False,False,False,True,False,False,False,False,False,False,False,False,False,False,True,False,False,False,True,False,False,False,True,False,False,False,False,False,False,False,False,False,False,False,False,False,False,False,False,False,False,False,False
-0.19118554322002715,0.05351050245155411,559,9217,4748,621,1.3477495152070902,1.0698803239874164,0.846542731000364,True,False,False,True,False,False,False,False,False,False,False,False,False,False,False,True,False,False,False,True,False,False,False,True,False,False,False,False,False,False,False,False,False,False,False,False,False,False,False,False,False,False,False,False
0.9818031926267097,0.22423680927055095,1068,30131,14112,559,0.4970765622045086,-0.1071398060470882,-0.33078082679943016,False,False,True,False,False,False,False,False,False,False,False,False,False,False,False,True,False,False,True,False,False,False,False,False,False,False,False,False,False,False,False,True,False,False,False,False,False,False,False,False,False,False,False,True
-0.3945481955621138,-0.5440315714149349,306,5860,2930,273,1.20597068970666,-0.21864697626088336,-0.11886258639546719,True,False,False,True,False,False,False,False,False,False,False,False,False,False,False,True,False,False,True,False,False,False,True,False,False,False,False,False,False,False,False,False,False,False,False,False,False,False,False,False,False,False,False,False
-0.5379144636742731,-0.7401635786534253,171,1585,858,131,-0.3063367822979297,-0.46644068784709486,-0.37787376911142195,True,False,False,True,False,False,False,False,False,False,False,False,False,False,False,True,False,True,False,False,False,False,False,False,False,False,False,False,False,False,True,False,False,False,False,False,False,False,False,False,False,False,False,False
-0.37958211292221994,-0.5613074477001905,237,4480,2422,268,-0.2590771737977863,-0.06997074930915648,0.46979919250443,True,False,False,False,True,False,False,False,False,False,False,False,False,False,False,True,False,True,False,False,False,False,False,True,False,False,False,False,False,False,False,False,False,False,False,False,False,False,False,False,False,False,False,False
-0.47985486660950855,-0.6629302493781648,185,3039,1676,194,-0.16455795679749943,-0.24652376881433216,-0.09531611523947131,True,False,False,False,True,False,False,False,False,False,False,False,False,False,False,True,True,False,False,False,False,False,False,False,False,False,False,False,False,True,False,False,False,False,False,False,False,False,False,False,False,False,False,False
-0.4462251985598648,-0.6324434088747726,260,5782,2938,244,-0.2590771737977863,-0.37661546739709323,-0.23659494217544663,True,False,False,False,False,False,False,False,False,False,False,False,False,False,False,True,True,False,False,False,False,False,False,True,False,False,False,False,False,False,False,False,False,False,False,False,False,False,False,False,False,False,False,False
-0.41338785253233307,-0.5054149067773046,284,5183,2954,316,-0.07003873979721256,-0.017314585597086537,-0.14240905755146308,True,False,False,True,False,False,False,False,False,False,False,False,False,False,False,True,False,False,False,False,False,False,False,False,False,False,False,False,False,False,False,True,False,False,False,False,False,False,False,False,False,False,False,False
-0.493588448326117,-0.6791898976466407,168,3052,1727,199,-0.35359639079807315,-0.25271861160398745,-0.23659494217544663,True,False,False,False,True,False,False,False,False,False,False,False,False,False,False,True,False,False,False,False,False,False,False,True,False,False,False,False,False,False,False,False,False,False,False,False,False,False,False,False,False,False,False,False
0.25955765158148086,-0.44850613783763904,424,5187,2752,248,0.40255734520422176,-0.3146670395005403,-0.4485131825794096,True,False,False,False,False,False,False,False,False,False,False,False,False,False,False,True,False,False,False,False,False,True,False,False,False,False,False,False,False,False,True,False,False,False,False,False,False,False,False,False,False,False,False,True
0.16166186396052834,4.50357298793005,5202,23135,11792,4104,0.16625930270350456,0.15304359111843385,0.09305565400849579,False,True,False,True,False,False,False,False,False,False,False,False,False,False,False,True,False,False,False,False,False,True,False,False,False,False,False,False,False,True,False,False,False,False,False,False,False,False,False,False,False,False,False,False
-0.46717771425571614,-0.6243135847405346,284,4986,2584,247,-0.3063367822979297,-0.4137845241350249,-0.30723435564343426,True,False,False,False,False,False,False,False,False,False,False,False,False,False,False,True,False,False,False,False,False,True,False,True,False,False,False,False,False,False,False,False,False,False,False,False,False,False,False,False,False,False,False,False
-0.027438991983541824,1.1530692166072363,1912,17627,9344,1716,-0.02277913129706914,0.11897195577532978,0.28142742325646286,False,True,False,True,False,False,False,False,False,False,False,False,False,False,False,True,False,False,False,False,True,False,False,False,False,False,False,False,False,False,False,True,False,False,False,False,False,False,False,False,False,False,False,False
0.20145403662659894,-0.4098894732000088,366,12078,6752,319,-0.07003873979721256,0.029146735325328115,-0.21304847101945074,False,False,False,False,False,False,False,False,False,False,False,False,False,False,False,True,False,False,False,False,True,False,False,True,False,False,False,False,False,False,False,False,False,False,False,False,False,False,False,False,False,False,False,True
-0.29207454736895844,1.185588513144188,2079,13544,7096,1975,-0.02277913129706914,-0.4695381092419225,-0.5662455383593891,True,False,False,False,False,False,False,False,False,False,False,False,False,False,False,True,False,False,False,True,False,False,False,False,False,False,False,False,False,False,True,False,False,False,False,False,False,False,False,False,False,False,False,False
-0.49556925338139707,-0.7991048036266504,109,2330,1377,101,-0.02277913129706914,-0.4602458450574396,-0.40142024026741785,False,False,False,False,False,False,False,False,False,False,False,False,False,False,False,True,False,False,False,True,False,False,False,True,False,False,False,False,False,False,False,False,False,False,False,False,False,False,False,False,False,False,False,True
-0.42342393147908536,-0.5745184119183272,316,7283,3634,291,-0.35359639079807315,-0.404492259950542,-0.37787376911142195,True,False,False,False,False,False,False,False,False,False,False,False,False,False,False,True,False,False,True,False,False,False,False,False,False,False,False,False,False,False,False,True,False,False,False,False,False,False,False,False,False,False,False,False
-0.2612620242868241,-0.7259363864185089,158,6734,3492,138,-0.16455795679749943,-0.37351804600226557,-0.40142024026741785,False,False,False,False,False,False,False,False,False,False,False,False,False,False,False,True,False,False,True,False,False,False,False,True,False,False,False,False,False,False,False,False,False,False,False,False,False,False,False,False,False,False,False,True
0.11764397384319356,2.694687118062107,3464,24363,12888,3014,-0.16455795679749943,-0.01111974280743125,0.21078800978847523,False,True,False,False,False,False,False,False,False,False,False,False,False,False,False,True,False,True,False,False,False,False,False,False,False,False,False,False,False,False,False,True,False,False,False,False,False,False,False,False,False,False,False,False
-0.5272621342658781,-0.8367052402475009,83,2307,1180,77,-0.07003873979721256,-0.4943174804005437,-0.4485131825794096,False,False,False,False,False,False,False,False,False,False,False,False,False,False,False,True,False,True,False,False,False,False,True,False,False,False,False,False,False,False,False,False,False,False,False,False,False,False,False,False,False,False,False,False
-0.44534484075751807,-0.5917942882035828,283,6336,3216,280,-0.35359639079807315,-0.3115696181057127,-0.2836878844874384,True,False,False,False,False,False,False,False,False,False,False,False,False,False,False,True,True,False,False,False,False,False,False,False,False,False,False,False,False,False,False,True,False,False,False,False,False,False,False,False,False,False,False,False
-0.5443850935215213,-0.8499162044656375,76,2903,1407,76,-0.3063367822979297,-0.5129020087695095,-0.6133384806713809,False,False,False,False,False,False,False,False,False,False,False,False,False,False,False,True,True,False,False,False,False,False,True,False,False,False,False,False,False,False,False,False,False,False,False,False,False,False,False,False,False,False,False,False
-0.535933658618993,-0.8255267320629237,65,2313,1232,77,-0.3063367822979297,-0.40139483855571434,-0.4249667114234137,True,False,False,True,False,False,False,False,False,False,False,False,False,False,True,False,False,False,False,False,False,False,False,False,False,False,False,False,False,True,False,False,False,False,False,False,False,False,False,False,False,False,False,False
0.49936711694072067,-0.19749781769304245,467,16132,8608,451,0.7806342132053692,0.33269403201843717,0.022416240540508125,True,False,False,False,False,False,False,False,False,False,False,False,False,False,True,False,False,False,False,False,False,False,False,True,False,False,False,False,False,False,False,False,False,False,False,False,False,False,False,False,False,False,False,True
-0.39657301850751114,-0.5745184119183272,181,4914,2712,246,0.07174008570321772,0.07560805624774278,0.09305565400849579,True,False,False,False,False,False,False,False,False,False,False,False,False,False,True,False,False,False,False,False,False,True,False,False,False,False,False,False,False,True,False,False,False,False,False,False,False,False,False,False,False,False,False,False
-0.48280406524736996,-0.6944333178983368,182,3901,2044,201,-0.16455795679749943,-0.35183609623847206,-0.18950199986345484,True,False,False,False,False,False,False,False,False,False,False,False,False,False,True,False,False,False,False,False,False,True,False,True,False,False,False,False,False,False,False,False,False,False,False,False,False,False,False,False,False,False,False,False
-0.5052531892072107,-0.6710600735124028,213,3017,1510,175,-0.16455795679749943,-0.34564125344881674,-0.33078082679943016,True,False,False,False,False,False,False,False,False,False,False,False,False,False,True,False,False,False,False,False,True,False,False,False,False,False,False,False,False,False,True,False,False,False,False,False,False,False,False,False,False,False,False,False
0.11060111142442,-0.46883069817323386,411,21436,9568,363,-0.2590771737977863,-0.3487386748436444,-0.30723435564343426,False,False,True,False,False,False,False,False,False,False,False,False,False,False,True,False,False,False,False,False,True,False,True,False,False,False,False,False,False,False,False,False,False,False,False,False,False,False,False,False,False,False,False,True
-0.35616459537979783,-0.5867131481196841,204,4976,2764,240,-0.2590771737977863,-0.042093956755707686,0.6346244905964011,True,False,False,False,False,False,False,False,False,False,False,False,False,False,True,False,False,False,False,True,False,False,False,False,False,False,False,False,False,False,False,True,False,False,False,False,False,False,False,False,False,False,False,False
-0.49997104239313056,-0.7676017351064783,131,3675,1901,134,-0.35359639079807315,-0.4261742097143355,-0.33078082679943016,True,False,False,False,False,False,False,False,False,False,False,False,False,False,True,False,False,False,False,True,False,False,False,True,False,False,False,False,False,False,False,False,False,False,False,False,False,False,False,False,False,False,False,False
-0.5126481947469229,-0.701546914015795,173,3188,1557,168,-0.21181756529764284,-0.3146670395005403,-0.37787376911142195,True,False,False,False,False,False,False,False,False,False,False,False,False,False,True,False,False,False,True,False,False,False,False,False,False,False,False,False,False,False,True,False,False,False,False,False,False,False,False,False,False,False,False,False
0.5796557485147392,-0.5074473628108641,304,35637,9712,263,-0.16455795679749943,-0.11952949162639878,-0.23659494217544663,True,False,False,False,False,False,False,False,False,False,False,False,False,False,True,False,False,False,True,False,False,False,False,True,False,False,False,False,False,False,False,False,False,False,False,False,False,False,False,False,False,False,False,True
-0.13044085485810517,-0.5115122748779831,335,15066,5100,319,0.024480477203074284,-0.23723150462984924,-0.30723435564343426,True,False,False,False,False,False,False,False,False,False,False,False,False,False,True,False,False,True,False,False,False,False,False,False,False,False,False,False,False,False,False,True,False,False,False,False,False,False,False,False,False,False,False,True
1.629042248912,-0.2950557073038978,513,54653,12704,346,0.024480477203074284,-0.10404238465226057,-0.40142024026741785,True,False,False,False,False,False,False,False,False,False,False,False,False,False,True,False,False,True,False,False,False,False,True,False,False,False,False,False,False,False,False,False,False,False,False,False,False,False,False,False,False,False,False,True
0.6536058039118616,-0.12026448841778198,654,14091,7456,408,0.11899969420336114,0.004367364166706967,-0.33078082679943016,True,False,False,False,False,False,False,False,False,False,False,False,False,False,True,False,True,False,False,False,False,False,False,False,False,False,False,False,False,False,True,False,False,False,False,False,False,False,False,False,False,False,False,True
0.5859943246916355,-0.38550000079729496,335,26869,7760,315,-0.16455795679749943,0.12826421995981271,-0.11886258639546719,True,False,False,False,False,False,False,False,False,False,False,False,False,False,True,False,True,False,False,False,False,False,False,True,False,False,False,False,False,False,False,False,False,False,False,False,False,False,False,False,False,False,False,True
-0.5084664951857761,-0.6995144579822355,182,4101,1761,181,-0.2590771737977863,-0.36422578181778265,-0.4720596537354055,True,False,False,False,False,False,False,False,False,False,False,False,False,False,True,False,False,False,False,False,False,False,False,False,False,False,False,False,False,False,True,False,False,False,False,False,False,False,False,False,False,False,False,False
-0.461631460100932,-0.5735021839015474,298,4530,2388,280,0.544336170704652,-0.3115696181057127,-0.09531611523947131,True,False,False,False,False,False,False,False,False,False,False,False,False,False,True,False,False,False,False,False,False,False,False,True,False,False,False,False,False,False,False,False,False,False,False,False,False,False,False,False,False,False,False,False
-0.5174021268795951,-0.7350824385695266,156,3302,1640,161,-0.35359639079807315,-0.40139483855571434,-0.4720596537354055,True,False,False,False,False,False,False,False,False,False,False,False,False,False,True,False,False,False,False,False,False,True,False,False,False,False,False,False,False,False,False,True,False,False,False,False,False,False,False,False,False,False,False,False
1.7410237613704997,0.6662959965697393,995,32646,14912,884,0.5915957792047954,1.6088316466874264,1.0113680290923353,True,False,False,False,False,False,False,False,False,False,False,False,False,False,True,False,False,False,False,False,False,True,False,True,False,False,False,False,False,False,False,False,False,False,False,False,False,False,False,False,False,False,False,True
-0.5165657869673658,-0.7208552463346102,168,2873,1539,171,-0.35359639079807315,-0.38590773158157615,-0.23659494217544663,True,False,False,False,False,False,False,False,False,False,False,False,False,False,True,False,False,False,False,False,True,False,False,False,False,False,False,False,False,False,False,True,False,False,False,False,False,False,False,False,False,False,False,False
-0.47545307759777505,-0.5694372718344285,288,3537,1780,275,-0.02277913129706914,-0.2898876683419192,0.022416240540508125,True,False,False,False,False,False,False,False,False,False,False,False,False,False,True,False,False,False,False,False,True,False,False,True,False,False,False,False,False,False,False,False,False,False,False,False,False,False,False,False,False,False,False,False
1.1198432960346716,-0.337737284008647,460,39304,11392,336,-0.02277913129706914,-0.09784754186260528,-0.4249667114234137,True,False,False,False,False,False,False,False,False,False,False,False,False,False,True,False,False,False,False,True,False,False,False,False,False,False,False,False,False,False,True,False,False,False,False,False,False,False,False,False,False,False,False,True
3.8235981786018423,1.1998157053791043,1735,59658,18880,885,0.44981695370436514,0.8406711407701707,1.3410186252762777,False,False,True,False,False,False,False,False,False,False,False,False,False,False,True,False,False,False,False,True,False,False,False,True,False,False,False,False,False,False,False,False,False,False,False,False,False,False,False,False,False,False,False,True
-0.21337055983916386,0.08704602700528563,847,9562,5180,740,-0.21181756529764284,0.14994616972360622,0.3991597790364423,False,True,False,False,True,False,False,False,False,False,False,False,False,False,True,False,False,False,True,False,False,False,False,False,False,False,False,False,False,False,False,True,False,False,False,False,False,False,False,False,False,False,False,False
-0.10825583823896845,-0.37127280856237854,418,13737,4320,438,0.30803812820393484,-0.017314585597086537,0.46979919250443,True,False,False,False,False,False,False,False,False,False,False,False,False,False,True,False,False,False,True,False,False,False,True,False,False,False,False,False,False,False,False,False,False,False,False,False,False,False,False,False,False,False,False,True
-0.015818268992565446,-0.4098894732000088,458,26622,11760,447,-0.2590771737977863,-0.24342634741950453,-0.33078082679943016,False,False,True,False,False,False,False,False,False,False,False,False,False,False,True,False,False,True,False,False,False,False,False,False,False,False,False,False,False,False,False,True,False,False,False,False,False,False,False,False,False,False,False,False
1.0332160882837567,0.23338286142156864,808,22100,10880,724,0.5915957792047954,0.7229691277667203,1.1055539137163188,True,False,False,False,False,False,False,False,False,False,False,False,False,False,True,False,False,True,False,False,False,False,True,False,False,False,False,False,False,False,False,False,False,False,False,False,False,False,False,False,False,False,False,True
-0.5579426036776605,-0.9180034815898803,17,2392,1228,17,-0.35359639079807315,-0.5500710655074412,-0.6368849518273767,True,False,False,False,False,False,False,False,False,False,False,False,False,False,True,False,False,True,False,False,False,False,True,False,False,False,False,False,False,False,False,False,False,False,False,False,False,False,False,False,False,False,False,False
0.3997106137150747,-0.4901714865256085,374,12716,4968,262,-0.16455795679749943,-0.28679024694709154,-0.4485131825794096,True,False,False,False,False,False,False,False,False,False,False,False,False,False,True,False,False,False,False,False,False,False,False,False,False,False,False,False,False,False,True,False,False,False,False,False,False,False,False,False,False,False,False,False
-0.5483907215221988,-0.7147578782339318,167,1924,1005,154,-0.35359639079807315,-0.37661546739709323,-0.4485131825794096,True,False,False,True,False,False,False,False,False,False,False,False,False,False,True,False,False,False,False,False,False,False,False,True,False,False,False,False,False,False,False,False,False,False,False,False,False,False,False,False,False,False,False,False
-0.4467534132412728,-0.266601322834065,640,6838,3224,598,-0.2590771737977863,-0.4602458450574396,-0.4720596537354055,True,False,False,False,False,False,False,False,False,False,False,False,False,False,True,False,False,False,False,False,False,True,False,False,False,False,False,False,False,False,False,False,True,False,False,False,False,False,False,False,False,False,False,False
-0.22780842779764968,1.3969639406343746,2235,15418,7344,2099,-0.2590771737977863,-0.2836928255522639,-0.33078082679943016,False,True,False,True,False,False,False,False,False,False,False,False,False,False,True,False,False,False,False,False,False,True,False,True,False,False,False,False,False,False,False,False,False,False,False,False,False,False,False,False,False,False,False,False
-0.3483294109389123,-0.26761755085084477,361,5057,2628,428,0.4970765622045086,0.5959748505787869,0.6110780194404053,True,False,False,False,True,False,False,False,False,False,False,False,False,False,True,False,False,False,False,False,True,False,False,False,False,False,False,False,False,False,True,False,False,False,False,False,False,False,False,False,False,False,False,False
-0.41030660022411963,-0.4739118382571326,306,3691,1722,305,-0.117298348297356,0.03843899950981105,0.7052639040643889,True,False,False,False,False,False,False,False,False,False,False,False,False,False,True,False,False,False,False,False,True,False,False,True,False,False,False,False,False,False,False,False,False,False,False,False,False,False,False,False,False,False,False,False
-0.48267201157701795,-0.6090701644888384,243,3668,1848,236,-0.2590771737977863,-0.23723150462984924,-0.18950199986345484,True,False,False,False,True,False,False,False,False,False,False,False,False,False,True,False,False,False,False,True,False,False,False,False,False,False,False,False,False,False,True,False,False,False,False,False,False,False,False,False,False,False,False,True
-0.31742885207654326,-0.7330499825359671,108,7549,3336,156,-0.2590771737977863,-0.24342634741950453,-0.26014141333144253,False,True,False,False,True,False,False,False,False,False,False,False,False,False,True,False,False,False,False,True,False,False,True,False,False,False,False,False,False,False,False,False,False,False,False,False,False,False,False,False,False,False,False,False
-0.4990466667006665,-0.5450477994317147,280,3834,1806,266,0.11899969420336114,-0.11643207023157114,-0.4485131825794096,True,False,False,False,False,False,False,False,False,False,False,False,False,False,True,False,False,False,True,False,False,False,False,False,False,False,False,False,False,True,False,False,False,False,False,False,False,False,False,False,False,False,False,True
0.3201262683829335,-0.5999241123378207,228,13858,5248,185,-0.2590771737977863,-0.14740628417984758,0.09305565400849579,False,False,False,False,False,False,False,False,False,False,False,False,False,False,True,False,False,False,True,False,False,False,False,True,False,False,False,False,False,False,False,False,False,False,False,False,False,False,False,False,False,False,False,False
-0.4353967975910004,-0.37635394864627725,319,4625,2218,403,-0.21181756529764284,0.28623271109602255,0.25788095210046696,True,False,False,False,True,False,False,False,False,False,False,False,False,False,True,False,False,True,False,False,False,False,False,False,False,False,False,False,False,False,True,False,False,False,False,False,False,False,False,False,False,False,False,False
-0.544605182972108,-0.7198390183178305,189,1210,690,143,-0.21181756529764284,-0.45714842366261194,-0.4956061248914014,True,False,False,False,False,False,False,False,False,False,False,False,False,False,True,False,False,True,False,False,False,False,False,True,False,False,False,False,False,False,False,False,False,False,False,False,False,False,False,False,False,False,False,False
-0.48267201157701795,-0.5552100795995121,283,4509,2078,287,-0.2590771737977863,-0.21864697626088336,-0.23659494217544663,True,False,False,False,False,False,False,False,False,False,False,False,False,False,True,False,True,False,False,False,False,False,False,False,False,False,False,False,False,False,False,True,False,False,False,False,False,False,False,False,False,False,False,True
0.4761256709587679,-0.07656668369625302,564,14475,8120,504,0.2607785197037914,0.4751754161805088,1.1761933271843064,True,False,False,False,False,False,False,False,False,False,False,False,False,False,True,False,True,False,False,False,False,False,False,True,False,False,False,False,False,False,False,False,False,False,False,False,False,False,False,False,False,False,False,False
-0.5143208745713816,-0.6436219170593497,220,3189,1495,221,-0.35359639079807315,-0.30847219671088505,-0.33078082679943016,True,False,False,True,False,False,False,False,False,False,False,False,False,False,True,False,False,False,False,False,False,False,False,False,False,False,False,False,False,True,False,False,False,False,False,False,False,False,False,False,False,False,False,False
-0.4037039167065194,-0.3184289516898319,352,6201,3136,445,0.07174008570321772,0.3822527743356795,0.11660212516449167,True,False,False,False,True,False,False,False,False,False,False,False,False,False,True,False,False,False,False,False,False,False,False,True,False,False,False,False,False,False,False,False,False,False,False,False,False,False,False,False,False,False,False,False
-0.5140567672306776,-0.6202486726734157,216,2570,1389,233,-0.2590771737977863,-0.2062572906815728,-0.26014141333144253,True,False,False,False,True,False,False,False,False,False,False,False,False,False,True,False,False,False,False,False,False,True,False,False,False,False,False,False,False,True,False,False,False,False,False,False,False,False,False,False,False,False,False,False
-0.49640559329362643,-0.6141513045727371,213,3047,1605,244,-0.2590771737977863,-0.16599081254881343,-0.11886258639546719,True,False,False,True,False,False,False,False,False,False,False,False,False,False,True,False,False,False,False,False,False,True,False,False,True,False,False,False,False,False,False,False,False,False,False,False,False,False,False,False,False,False,False,False
-0.47598129227918307,-0.5379342033142565,257,3521,1796,293,-0.117298348297356,-0.07616559209881177,-0.0011302306154877617,True,False,False,False,True,False,False,False,False,False,False,False,False,True,False,False,False,False,False,False,True,False,False,False,False,False,False,False,False,False,True,False,False,False,False,False,False,False,False,False,False,False,False,False
-0.5635328757225619,-0.6060214804384992,287,1284,704,220,-0.21181756529764284,-0.3921025743712314,-0.37787376911142195,True,False,False,False,False,False,False,False,False,False,False,False,False,True,False,False,False,False,False,False,True,False,False,True,False,False,False,False,False,False,False,False,False,False,False,False,False,False,False,False,False,False,False,False
-0.4879101405009808,-0.6121188485391776,218,3128,1622,240,-0.3063367822979297,-0.19386760510226222,-0.024676701771483647,True,False,False,True,False,False,False,False,False,False,False,False,False,True,False,False,False,False,False,True,False,False,False,False,False,False,False,False,False,False,False,True,False,False,False,False,False,False,False,False,False,False,False,False
-0.06318151875881765,1.2424972820838536,1966,15850,7636,1661,-0.02277913129706914,0.41012956688912827,0.7994497886883722,False,True,False,True,False,False,False,False,False,False,False,False,False,True,False,False,False,False,False,True,False,False,False,True,False,False,False,False,False,False,False,False,False,False,False,False,False,False,False,False,False,False,False,True
-0.04962400860267855,-0.1375403647030376,539,13272,7800,575,0.213518911203648,0.46588315199602587,1.482297452212253,True,False,False,False,False,False,False,False,False,False,False,False,False,True,False,False,False,False,True,False,False,False,False,False,False,False,False,False,False,False,True,False,False,False,False,False,False,False,False,False,False,False,False,False
-0.5522642958525242,-0.8976789212542855,37,2154,1120,32,-0.35359639079807315,-0.5500710655074412,-0.6368849518273767,True,False,False,False,False,False,False,False,False,False,False,False,False,True,False,False,False,False,True,False,False,False,False,False,False,False,False,False,False,True,False,False,False,False,False,False,False,False,False,False,False,False,False,True
2.4206599847821484,1.73130295815491,1326,35707,19840,1354,0.875153430205656,4.111548133708163,1.6000298079922324,True,False,False,True,False,False,False,False,False,False,False,False,False,True,False,False,False,False,True,False,False,False,False,True,False,False,False,False,False,False,False,False,False,False,False,False,False,False,False,False,False,False,False,False
-0.5366819627509877,-0.64260568904257,245,2226,1118,205,-0.2590771737977863,-0.3549335176332997,-0.30723435564343426,True,False,False,False,True,False,False,False,False,False,False,False,False,True,False,False,False,True,False,False,False,False,False,False,False,False,False,False,False,False,True,False,False,False,False,False,False,False,False,False,False,False,False,False
-0.5508997412588869,-0.7076442821164736,219,2161,1214,172,-0.35359639079807315,-0.5098045873746819,-0.5426990672033931,True,False,False,False,False,False,False,False,False,False,False,False,False,True,False,False,False,True,False,False,False,False,False,False,True,False,False,False,False,False,False,False,False,False,False,False,False,False,False,False,False,False,False,False
-0.49556925338139707,-0.5724859558847677,315,4485,2101,265,-0.16455795679749943,-0.36732320321261025,-0.4249667114234137,True,False,False,False,False,False,False,False,False,False,False,False,False,True,False,False,True,False,False,False,False,False,False,False,False,False,False,False,False,False,False,True,False,False,False,False,False,False,False,False,False,False,False,True
2.475594311648582,2.332909944088518,2628,43671,20608,1542,1.6313071662079508,2.4079663665529583,2.6360745388560516,True,False,False,False,False,False,False,False,False,False,False,False,False,True,False,False,True,False,False,False,False,False,False,False,True,False,False,False,False,False,False,False,False,False,False,False,False,False,False,False,False,False,False,False
-0.4502748444506596,-0.47594429429069207,330,3832,1890,328,0.07174008570321772,0.010562206956362254,0.11660212516449167,True,False,False,False,True,False,False,False,False,False,False,False,False,True,False,False,False,False,False,False,False,False,False,False,False,False,False,False,False,False,False,True,False,False,False,False,False,False,False,False,False,False,False,False
-0.1936505450665979,0.21509075711953327,1032,16018,7616,981,0.44981695370436514,0.04773126369429398,0.022416240540508125,False,True,False,True,False,False,False,False,False,False,False,False,False,True,False,False,False,False,False,False,False,False,False,False,True,False,False,False,False,False,False,False,False,False,False,False,False,False,False,False,False,False,False,False
-0.5052091713170934,-0.6100863925056181,237,3120,1684,248,-0.02277913129706914,-0.1628933911539858,-0.26014141333144253,True,False,False,False,True,False,False,False,False,False,False,False,False,True,False,False,False,False,False,False,False,True,False,False,False,False,False,False,False,True,False,False,False,False,False,False,False,False,False,False,False,False,False,False
-0.001380401034079644,1.7719520788260998,2570,20198,10432,2252,-0.16455795679749943,0.12206937717015742,0.5404386059724177,False,True,False,True,False,False,False,False,False,False,False,False,False,True,False,False,False,False,False,False,False,True,False,True,False,False,False,False,False,False,False,False,False,False,False,False,False,False,False,False,False,False,False,False
-0.5383546425754464,-0.5917942882035828,324,2598,1469,268,-0.2590771737977863,-0.4633432664522672,-0.5426990672033931,True,False,False,False,False,False,False,False,False,False,False,False,False,True,False,False,False,False,False,False,True,False,False,False,False,False,False,False,False,False,True,False,False,False,False,False,False,False,False,False,False,False,False,False
-0.5564900133037883,-0.8976789212542855,37,1911,1077,33,-0.35359639079807315,-0.5500710655074412,-0.6368849518273767,True,False,False,False,False,False,False,False,False,False,False,False,False,True,False,False,False,False,False,False,True,False,False,False,False,False,False,False,True,False,False,False,False,False,False,False,False,False,False,False,False,False,False,False
-0.5051211355368587,-0.6192324446566358,238,2888,1560,236,-0.16455795679749943,-0.18767276231260693,-0.21304847101945074,True,False,False,True,False,False,False,False,False,False,False,False,False,True,False,False,False,False,False,False,True,False,False,False,True,False,False,False,False,False,False,False,False,False,False,False,False,False,False,False,False,False,False,False
-0.513968731450443,-0.5602912196834108,314,3227,1702,306,-0.2590771737977863,-0.3053747753160574,-0.26014141333144253,True,False,False,True,False,False,False,False,False,False,False,False,False,True,False,False,False,False,False,False,False,False,False,True,False,False,False,False,False,False,False,False,False,False,False,False,False,False,False,False,False,False,False,True
-0.5419200916749506,-0.5592749916666311,356,2551,1454,327,-0.35359639079807315,-0.5036097445850266,-0.5897920095153849,True,False,False,False,False,False,False,False,False,False,False,False,False,True,False,False,False,False,False,False,False,True,False,False,False,False,False,False,False,False,False,False,False,True,False,False,False,False,False,False,False,False,False,False
-0.5762100280763544,-0.6070377084552789,319,1402,695,280,-0.35359639079807315,-0.5376813799281307,-0.5897920095153849,True,False,False,False,False,False,False,False,False,False,False,False,False,True,False,False,False,False,False,False,False,True,False,False,False,False,False,False,False,False,False,False,True,False,False,False,False,False,False,False,False,False,False,True
0.8057316321573706,0.9040933524961992,1490,56149,31648,1724,-0.3063367822979297,0.7849175556632731,-0.024676701771483647,True,False,False,False,False,False,False,False,False,False,False,False,False,True,False,False,False,False,False,False,False,True,False,False,False,False,False,False,False,False,False,False,True,False,False,False,False,False,False,False,False,False,False,False
-0.5799075308462105,-0.6273622687908739,298,1284,650,262,-0.35359639079807315,-0.5283891157436478,-0.6368849518273767,True,False,False,False,False,False,False,False,False,False,False,False,False,True,False,False,False,False,False,False,False,True,False,False,False,False,False,False,False,False,False,True,False,False,False,False,False,False,False,False,False,False,False,False
-0.5752856523838903,-0.5298043791800184,392,1390,704,351,-0.35359639079807315,-0.5283891157436478,-0.5897920095153849,True,False,False,False,False,False,False,False,False,False,False,False,False,True,False,False,False,False,False,False,False,True,False,False,False,False,False,False,False,False,True,False,False,False,False,False,False,False,False,False,False,False,False,False
-0.5773985111095223,-0.6680113894620635,257,1401,660,222,-0.35359639079807315,-0.5314865371384754,-0.5897920095153849,True,False,False,False,False,False,False,False,False,False,False,False,False,True,False,False,False,False,False,False,False,True,False,False,False,False,False,False,False,False,True,False,False,False,False,False,False,False,False,False,False,False,False,False
-0.586290124913224,-0.6578491092942661,271,943,511,232,-0.35359639079807315,-0.5438762227177859,-0.6368849518273767,True,False,False,False,False,False,False,False,False,False,False,False,False,True,False,False,False,False,False,False,False,True,False,False,False,False,False,False,False,True,False,False,False,False,False,False,False,False,False,False,False,False,False,False
0.08419037735401914,1.8420718119839021,2654,23584,11912,2361,-0.07003873979721256,0.026049313930500473,0.30497389441245876,False,True,False,True,False,False,False,False,False,False,False,False,False,True,False,False,False,False,False,False,False,True,False,False,False,False,False,False,False,True,False,False,False,False,False,False,False,False,False,False,False,False,False,False
-0.5847494987591173,-0.674108757562742,254,951,516,217,-0.3063367822979297,-0.5469736441126136,-0.5897920095153849,True,False,False,False,False,False,False,False,False,False,False,False,False,True,False,False,False,False,False,False,False,True,False,False,False,False,False,False,True,False,False,False,False,False,False,False,False,False,False,False,False,False,False,False
-0.5848375345393519,-0.7025631420325749,223,935,521,191,-0.3063367822979297,-0.5407788013229583,-0.5897920095153849,True,False,False,False,False,False,False,False,False,False,False,False,False,True,False,False,False,False,False,False,False,True,False,False,False,False,False,True,False,False,False,False,False,False,False,False,False,False,False,False,False,False,False,False
-0.5821964611323118,-0.6802061256634204,246,1210,615,211,-0.35359639079807315,-0.5283891157436478,-0.6368849518273767,True,False,False,False,False,False,False,False,False,False,False,False,False,True,False,False,False,False,False,False,False,True,False,False,False,False,True,False,False,False,False,False,False,False,False,False,False,False,False,False,False,False,False,False
-0.5821964611323118,-0.6954495459151167,228,1098,580,196,-0.35359639079807315,-0.5283891157436478,-0.5897920095153849,True,False,False,False,False,False,False,False,False,False,False,False,False,True,False,False,False,False,False,False,False,True,False,False,False,True,False,False,False,False,False,False,False,False,False,False,False,False,False,False,False,False,False,False
-0.46383235460679867,-0.45358727792153775,345,3180,1674,385,-0.21181756529764284,0.0632183706684322,0.32852036556845465,True,False,False,False,True,False,False,False,False,False,False,False,False,True,False,False,False,False,False,False,False,True,False,True,False,False,False,False,False,False,False,False,False,False,False,False,False,False,False,False,False,False,False,False
-0.5791152088240984,-0.7056118260829141,220,1252,632,194,-0.35359639079807315,-0.5221942729539925,-0.6133384806713809,True,False,False,False,False,False,False,False,False,False,False,False,False,True,False,False,False,False,False,False,True,False,False,False,False,False,False,False,False,False,False,False,False,True,False,False,False,False,False,False,False,False,False,False
-0.5836050336160666,-0.7371148946030861,192,989,554,166,-0.35359639079807315,-0.5376813799281307,-0.6133384806713809,True,False,False,False,False,False,False,False,False,False,False,False,False,True,False,False,False,False,False,False,True,False,False,False,False,False,False,False,False,False,False,False,False,True,False,False,False,False,False,False,False,False,False,False
-0.5788070835932771,-0.7259363864185089,205,1430,690,175,-0.35359639079807315,-0.5407788013229583,-0.6368849518273767,True,False,False,False,False,False,False,False,False,False,False,False,False,True,False,False,False,False,False,False,True,False,False,False,False,False,False,False,False,False,False,False,True,False,False,False,False,False,False,False,False,False,False,False
-0.5719402927349728,-0.7249201584017292,201,1503,782,176,-0.35359639079807315,-0.5252916943488201,-0.5897920095153849,True,False,False,False,False,False,False,False,False,False,False,False,False,True,False,False,False,False,False,False,True,False,False,False,False,False,False,False,False,False,False,True,False,False,False,False,False,False,False,False,False,False,False,False
-0.44006269394343794,-0.053193439310318925,863,7736,3768,774,-0.35359639079807315,-0.5283891157436478,-0.5662455383593891,True,False,False,False,False,False,False,False,False,False,False,False,False,True,False,False,False,False,False,False,True,False,False,False,False,False,False,False,False,True,False,False,False,False,False,False,False,False,False,False,False,False,False,False
-0.5829887831544239,-0.7330499825359671,194,1041,576,169,-0.3063367822979297,-0.5283891157436478,-0.5897920095153849,True,False,False,False,False,False,False,False,False,False,False,False,False,True,False,False,False,False,False,False,True,False,False,False,False,False,False,False,False,True,False,False,False,False,False,False,False,False,False,False,False,False,False,False
-0.5832969083852453,-0.717806562284271,206,1249,588,182,-0.35359639079807315,-0.5159994301643371,-0.6133384806713809,True,False,False,False,False,False,False,False,False,False,False,False,False,True,False,False,False,False,False,False,True,False,False,False,False,False,False,False,True,False,False,False,False,False,False,False,False,False,False,False,False,False,False,False
-0.5740971693507223,-0.717806562284271,192,1351,717,180,-0.2590771737977863,-0.4633432664522672,-0.5426990672033931,True,False,False,False,False,False,False,False,False,False,False,False,False,True,False,False,False,False,False,False,True,False,False,False,False,False,True,False,False,False,False,False,False,False,False,False,False,False,False,False,False,False,False,False
-0.4495705582087822,-0.5043986787605249,388,6951,3290,377,-0.35359639079807315,-0.37661546739709323,-0.35432729795542606,True,False,False,False,False,False,False,False,False,False,False,False,False,True,False,False,False,False,False,False,True,False,True,False,False,False,False,False,False,False,False,False,False,False,False,False,False,False,False,False,False,False,False,False
-0.4066971332344982,-0.7279688424520684,182,7196,3324,173,-0.35359639079807315,-0.45095358087295667,-0.26014141333144253,False,False,False,False,False,False,False,False,False,False,False,False,False,True,False,False,False,False,False,True,False,False,False,False,False,False,False,False,False,False,True,False,False,False,False,False,False,False,False,False,False,False,False,False
-0.564457251415026,-0.72187147435139,189,2195,934,184,-0.16455795679749943,-0.45095358087295667,-0.5662455383593891,True,False,False,False,False,False,False,False,False,False,False,False,False,True,False,False,False,False,False,True,False,False,False,False,False,False,False,False,True,False,False,False,False,False,False,False,False,False,False,False,False,False,False,False
-0.22041342225793745,0.5687381069588839,1426,13838,7020,1292,-0.35359639079807315,-0.1505037055746752,-0.04822317292747953,False,True,False,True,False,False,False,False,False,False,False,False,False,True,False,False,False,False,False,True,False,False,False,True,False,False,False,False,False,False,False,False,False,False,False,False,False,False,False,False,False,False,False,False
-0.43513269025029644,-0.5003337666934059,374,6677,2992,351,-0.16455795679749943,-0.3115696181057127,-0.18950199986345484,True,False,False,False,False,False,False,False,False,False,False,False,False,True,False,False,False,False,True,False,False,False,False,False,False,False,False,False,False,False,True,False,False,False,False,False,False,False,False,False,False,False,False,True
2.4248857022334125,0.11346795544155895,975,17842,8032,635,0.35529773670407827,-0.1071398060470882,0.3991597790364423,False,False,False,False,False,False,False,False,False,False,False,False,False,True,False,False,False,False,True,False,False,False,False,True,False,False,False,False,False,False,False,False,False,False,False,False,False,False,False,False,False,False,False,False
-0.033073281918560675,1.6489884887957509,2438,20547,10280,2278,-0.2590771737977863,0.15304359111843385,0.21078800978847523,False,True,False,False,True,False,False,False,False,False,False,False,False,True,False,False,False,True,False,False,False,False,False,False,False,False,False,False,False,False,True,False,False,False,False,False,False,False,False,False,False,False,False,False
0.7585444539515878,5.328750137555201,5934,35977,18048,4376,2.4819801192105326,2.1106139126495047,1.482297452212253,False,True,False,True,False,False,False,False,False,False,False,False,False,True,False,False,False,True,False,False,False,False,True,False,False,False,False,False,False,False,False,False,False,False,False,False,False,False,False,False,False,False,False,True
0.1264475518666605,-0.20969255389439936,440,11860,6200,590,0.11899969420336114,0.6176568003425804,0.7759033175323764,True,False,False,False,True,False,False,False,False,False,False,False,False,True,False,False,True,False,False,False,False,False,False,False,False,False,False,False,False,False,True,False,False,False,False,False,False,False,False,False,False,False,False,True
1.6212951002513492,0.5504460026568485,1450,46252,15552,1275,-0.21181756529764284,-0.42307678831950785,-0.4249667114234137,True,False,False,False,False,False,False,False,False,False,False,False,False,True,False,False,True,False,False,False,False,False,False,True,False,False,False,False,False,False,False,False,False,False,False,False,False,False,False,False,False,False,False,True
-0.3776453257570572,-0.39871096501543163,483,8627,4054,448,-0.07003873979721256,-0.3146670395005403,-0.30723435564343426,True,False,False,False,False,False,False,False,False,False,False,False,False,True,False,False,False,False,False,False,False,False,False,False,False,False,False,False,False,False,True,False,False,False,False,False,False,False,False,False,False,False,False,True
0.18560759618435843,-0.5074473628108641,282,4401,2616,327,-0.35359639079807315,0.0353415781149834,-0.2836878844874384,True,False,False,False,True,False,False,False,False,False,False,False,False,True,False,False,False,False,False,False,False,False,False,True,False,False,False,False,False,False,False,False,False,False,False,False,False,False,False,False,False,False,False,False
-0.5111515864829336,-0.6273622687908739,243,3020,1723,253,-0.35359639079807315,-0.30227735392122973,-0.30723435564343426,True,False,False,False,True,False,False,False,False,False,False,False,False,True,False,False,False,False,False,False,False,True,False,False,False,False,False,False,False,False,True,False,False,False,False,False,False,False,False,False,False,False,False,False
-0.13906836132110278,1.0636411511306187,1877,17502,8964,1834,-0.21181756529764284,-0.09165269907294998,0.022416240540508125,False,True,False,True,False,False,False,False,False,False,False,False,False,True,False,False,False,False,False,False,False,True,False,False,True,False,False,False,False,False,False,False,False,False,False,False,False,False,False,False,False,False,False,False
-0.452827882077465,-0.8224780480125845,90,4263,2138,93,-0.35359639079807315,-0.4757329520315778,-0.37787376911142195,False,False,False,False,False,False,False,False,False,False,False,False,False,True,False,False,False,False,False,False,True,False,False,False,False,False,False,False,False,False,False,True,False,False,False,False,False,False,False,False,False,False,False,True
1.1480147457097658,1.2038806174462233,1921,70249,21328,1609,0.7806342132053692,0.38535019573050716,0.32852036556845465,True,False,False,False,False,False,False,False,False,False,False,False,False,True,False,False,False,False,False,False,True,False,False,False,True,False,False,False,False,False,False,False,False,False,False,False,False,False,False,False,False,False,False,False
-0.4354848333712351,-0.4505385938711985,370,4406,2362,354,-0.2590771737977863,-0.0358991139660524,0.11660212516449167,True,False,False,True,False,False,False,False,False,False,False,False,False,True,False,False,False,False,False,True,False,False,False,False,False,False,False,False,False,False,False,True,False,False,False,False,False,False,False,False,False,False,False,False
-0.3230631420115621,-0.11619957635066301,602,7682,4024,563,1.8676052087086679,0.5588057938408552,0.5168921348164217,True,False,False,True,False,False,False,False,False,False,False,False,False,True,False,False,False,False,False,True,False,False,False,False,True,False,False,False,False,False,False,False,False,False,False,False,False,False,False,False,False,False,False,True
-0.23291450305126052,-0.1090859802332048,727,16890,7208,630,-0.02277913129706914,-0.051386220940190616,-0.04822317292747953,True,False,False,False,False,False,False,False,False,False,False,False,False,True,False,False,False,False,True,False,False,False,False,False,False,False,False,False,False,False,True,False,False,False,False,False,False,False,False,False,False,False,False,False
-0.36690496056842753,-0.1771732573574476,545,5696,3162,537,0.2607785197037914,0.4380063594425771,0.6581709617523971,True,False,False,True,False,False,False,False,False,False,False,False,False,True,False,False,False,False,True,False,False,False,False,False,False,False,False,False,False,False,False,False,False,False,False,False,False,False,False,False,False,False,False,False
-0.5378264278940385,-0.6080539364720587,295,1794,953,237,-0.35359639079807315,-0.3828103101867485,-0.26014141333144253,True,False,False,True,False,False,False,False,False,False,False,False,True,False,False,False,False,True,False,False,False,False,False,False,False,False,False,True,False,False,False,False,False,False,False,False,False,False,False,False,False,False,False,False
-0.4466653774610381,-0.45866841800543645,408,4935,2556,365,0.40255734520422176,-0.18767276231260693,0.06950918285249989,True,False,False,True,False,False,False,False,False,False,False,False,True,False,False,False,True,False,False,False,False,False,False,False,False,False,False,False,False,False,False,True,False,False,False,False,False,False,False,False,False,False,False,False
-0.4950850565901064,-0.5389504313310362,309,3273,1722,309,-0.3063367822979297,-0.19386760510226222,-0.14240905755146308,True,False,False,False,True,False,False,False,False,False,False,False,True,False,False,False,True,False,False,False,False,False,True,False,False,False,False,False,False,False,False,False,False,False,False,False,False,False,False,False,False,False,False,False
-0.3881215836049829,-0.30318553143813576,509,6200,3298,489,1.0641918642062298,0.029146735325328115,0.18724153863247933,True,False,False,True,False,False,False,False,False,False,False,False,True,False,False,False,False,False,False,False,False,False,False,False,False,False,False,False,False,False,True,False,False,False,False,False,False,False,False,False,False,False,False,False
-0.5215398085506245,-0.5836644640693449,288,2970,1507,277,-0.3063367822979297,-0.2898876683419192,-0.33078082679943016,True,False,False,True,False,False,False,False,False,False,False,False,True,False,False,False,False,False,False,False,False,False,False,True,False,False,False,False,False,False,False,False,False,False,False,False,False,False,False,False,False,False,False,True
-0.19893269188067808,-0.1659947491728704,452,11148,7020,604,-0.07003873979721256,0.5742929008149934,0.30497389441245876,True,False,False,False,True,False,False,False,False,False,False,False,True,False,False,False,False,False,False,False,False,True,False,False,False,False,False,False,False,True,False,False,False,False,False,False,False,False,False,False,False,False,False,False
-0.4362771553933471,-0.3275750038408496,447,4428,2420,435,-0.07003873979721256,0.20569975483050382,0.11660212516449167,True,False,False,True,False,False,False,False,False,False,False,False,True,False,False,False,False,False,False,False,False,True,False,True,False,False,False,False,False,False,False,False,False,False,False,False,False,False,False,False,False,False,False,False
-0.28133418218032874,-0.1538000129715135,614,5503,3260,530,0.6861149962050823,0.3481811389925754,1.6706692214602201,True,False,False,False,True,False,False,False,False,False,False,False,True,False,False,False,False,False,False,False,True,False,False,False,False,False,False,False,False,False,True,False,False,False,False,False,False,False,False,False,False,False,False,False
-0.12357406399980095,0.9376288770499307,1724,16095,8120,1604,-0.16455795679749943,0.20260233343567616,0.32852036556845465,False,True,False,True,False,False,False,False,False,False,False,False,True,False,False,False,False,False,False,False,True,False,False,False,True,False,False,False,False,False,False,False,False,False,False,False,False,False,False,False,False,False,False,False
-0.5653376092173726,-0.6649627054117243,251,1705,870,204,-0.35359639079807315,-0.4943174804005437,-0.6368849518273767,True,False,False,False,False,False,False,False,False,False,False,False,True,False,False,False,False,False,False,True,False,False,False,False,False,False,False,False,False,False,True,False,False,False,False,False,False,False,False,False,False,False,False,False
-0.48918665931438354,-0.49322017057594775,360,3501,1999,351,-0.35359639079807315,-0.20006244789191752,-0.18950199986345484,True,False,False,True,False,False,False,False,False,False,False,False,True,False,False,False,False,False,False,True,False,False,False,True,False,False,False,False,False,False,False,False,False,False,False,False,False,False,False,False,False,False,False,True
-0.0020846872759570003,-0.4078570171664493,450,26832,9064,389,-0.2590771737977863,-0.3115696181057127,-0.5191525960473973,True,False,False,False,False,False,False,False,False,False,False,False,True,False,False,False,False,False,True,False,False,False,False,False,False,False,False,False,False,False,True,False,False,False,False,False,False,False,False,False,False,False,False,True
-0.13889228976063345,-0.028803966907605092,498,13674,7624,704,0.024480477203074284,0.9521783109839659,0.87008920215636,True,False,False,False,True,False,False,False,False,False,False,False,True,False,False,False,False,False,True,False,False,False,True,False,False,False,False,False,False,False,False,False,False,False,False,False,False,False,False,False,False,False,False,True
1.2360505259444352,2.4894090586725985,2420,34802,20928,2126,6.45178723322258,4.473946436902997,4.2607810486197675,True,False,False,False,False,False,False,False,False,False,False,False,True,False,False,False,False,True,False,False,False,False,False,False,False,False,False,False,False,False,True,False,False,False,False,False,False,False,False,False,False,False,False,False
-0.5009834538658292,-0.47289561024035287,390,3031,1674,333,-0.07003873979721256,-0.24342634741950453,-0.26014141333144253,True,False,False,True,False,False,False,False,False,False,False,False,True,False,False,False,False,True,False,False,False,False,True,False,False,False,False,False,False,False,False,False,False,False,False,False,False,False,False,False,False,False,False,True
-0.41479642501608777,-0.3539969322771229,430,5014,2704,416,-0.21181756529764284,0.03224415672015576,-0.024676701771483647,True,False,False,False,True,False,False,False,False,False,False,False,True,False,False,False,True,False,False,False,False,False,False,False,False,False,False,False,False,True,False,False,False,False,False,False,False,False,False,False,False,False,False,False
-0.5440769682907,-0.5694372718344285,334,2373,1228,267,-0.2590771737977863,-0.45714842366261194,-0.4956061248914014,True,False,False,False,False,False,False,False,False,False,False,False,True,False,False,False,True,False,False,False,False,False,True,False,False,False,False,False,False,False,False,False,False,False,False,False,False,False,False,False,False,False,False,False
0.32364769959232026,3.983264243338821,4754,35455,17592,4318,1.442268732207377,-0.04519137815053533,-0.0011302306154877617,False,True,False,True,False,False,False,False,False,False,False,False,True,False,False,False,False,False,False,False,False,False,False,False,False,False,False,False,False,False,True,False,False,False,False,False,False,False,False,False,False,False,False,False
-0.41462035345561843,-0.38143508873017595,424,4208,2412,382,-0.07003873979721256,0.004367364166706967,0.30497389441245876,True,False,False,False,False,False,False,False,False,False,False,False,True,False,False,False,False,False,False,False,False,False,False,False,True,False,False,False,False,False,False,False,False,False,False,False,False,False,False,False,False,False,False,False
-0.4184058920057092,-0.341802196075766,446,4799,2616,431,-0.117298348297356,0.08180289903739806,0.16369506747648344,True,False,False,True,False,False,False,False,False,False,False,False,True,False,False,False,False,False,False,False,False,True,False,True,False,False,False,False,False,False,False,False,False,False,False,False,False,False,False,False,False,False,False,False
-0.03025613695105125,1.783130587010677,2584,19599,10232,2342,-0.2590771737977863,-0.03899653536088005,-0.11886258639546719,False,True,False,True,False,False,False,False,False,False,False,False,True,False,False,False,False,False,False,False,True,False,False,False,False,False,False,False,False,False,True,False,False,False,False,False,False,False,False,False,False,False,False,True
0.3697784484352871,0.8990122124123004,984,22864,13304,1349,1.0169322557060863,2.6929291348771014,1.6706692214602201,True,False,False,False,True,False,False,False,False,False,False,False,True,False,False,False,False,False,False,False,True,False,False,True,False,False,False,False,False,False,False,False,False,False,False,False,False,False,False,False,False,False,False,True
-0.3387335108933333,-0.2808285150689814,473,6866,4016,495,-0.2590771737977863,0.17472554088222736,0.30497389441245876,True,False,False,False,False,False,False,False,False,False,False,False,True,False,False,False,False,False,False,True,False,False,False,False,False,False,False,False,False,False,False,True,False,False,False,False,False,False,False,False,False,False,False,False
-0.41312374519162903,-0.29912061937101675,482,4215,2254,439,-0.02277913129706914,0.22428428319946966,0.35206683672445055,True,False,False,True,False,False,False,False,False,False,False,False,True,False,False,False,False,False,False,True,False,False,True,False,False,False,False,False,False,False,False,False,False,False,False,False,False,False,False,False,False,False,False,False
-0.4543244903414544,-0.3895649128644139,430,3857,2124,404,-0.16455795679749943,-0.07306817070398412,0.21078800978847523,True,False,False,True,False,False,False,False,False,False,False,False,True,False,False,False,False,False,True,False,False,False,False,False,False,False,False,False,False,False,True,False,False,False,False,False,False,False,False,False,False,False,False,False
-0.2103773433111851,0.5646731948917649,1397,13887,7092,1331,0.5915957792047954,-0.08545785628329469,0.04596271169650401,False,True,False,True,False,False,False,False,False,False,False,False,True,False,False,False,False,False,True,False,False,False,False,False,True,False,False,False,False,False,False,False,False,False,False,False,False,False,False,False,False,False,False,True
0.01094460819877409,-0.29403947928711804,549,19409,6632,404,-0.16455795679749943,-0.2341340832350216,-0.4485131825794096,True,False,False,False,False,False,False,False,False,False,False,False,True,False,False,False,False,True,False,False,False,False,False,False,False,False,False,False,False,False,True,False,False,False,False,False,False,False,False,False,False,False,False,False
-0.42448036084190144,-0.337737284008647,435,4578,2432,436,-0.3063367822979297,0.14994616972360622,0.3991597790364423,True,False,False,False,True,False,False,False,False,False,False,False,True,False,False,False,False,True,False,False,False,False,True,False,False,False,False,False,False,False,False,False,False,False,False,False,False,False,False,False,False,False,False,True
0.7360072942115123,1.17847491702673,1956,32033,15744,1376,-0.07003873979721256,0.5185393157080959,2.2122380580481256,False,False,True,False,False,False,False,False,False,False,False,False,True,False,False,False,True,False,False,False,False,False,False,False,False,False,False,False,False,False,True,False,False,False,False,False,False,False,False,False,False,False,False,False
-0.5079822983944855,-0.535901747280697,348,3332,1788,297,0.16625930270350456,-0.3394464106591615,-0.37787376911142195,True,False,False,True,False,False,False,False,False,False,False,False,True,False,False,False,True,False,False,False,False,False,False,True,False,False,False,False,False,False,False,False,False,False,False,False,False,False,False,False,False,False,False,False
-0.5137486419998564,-0.5552100795995121,335,3247,1740,278,-0.35359639079807315,-0.3580309390281273,-0.40142024026741785,True,False,False,False,False,False,False,False,False,False,False,False,True,False,False,False,False,False,False,False,False,False,False,False,False,False,False,False,False,False,True,False,False,False,False,False,False,False,False,False,False,False,False,False
-0.4338121535467764,-0.3824513167469557,405,4046,2280,368,-0.117298348297356,0.1406539055391233,0.18724153863247933,True,False,False,True,False,False,False,False,False,False,False,False,True,False,False,False,False,False,False,False,False,False,False,False,False,False,True,False,False,False,False,False,False,False,False,False,False,False,False,False,False,False,False,False
-0.5325882989700756,-0.5999241123378207,280,2293,1354,234,-0.35359639079807315,-0.361128360422955,-0.4956061248914014,True,False,False,True,False,False,False,False,False,False,False,False,True,False,False,False,False,False,False,False,False,True,False,False,False,False,False,False,False,False,True,False,False,False,False,False,False,False,False,False,False,False,False,False
-0.5085105130758935,-0.5582587636498513,298,3112,1791,288,-0.3063367822979297,-0.22793924044536631,-0.35432729795542606,True,False,False,False,True,False,False,False,False,False,False,False,True,False,False,False,False,False,False,False,False,True,False,False,True,False,False,False,False,False,False,False,False,False,False,False,False,False,False,False,False,False,False,True
-0.47554111337800975,-0.40887324518322904,422,3927,2274,367,-0.21181756529764284,-0.09784754186260528,-0.2836878844874384,True,False,False,True,False,False,False,False,False,False,False,False,True,False,False,False,True,False,False,False,False,False,False,False,False,False,False,False,False,False,True,False,False,False,False,False,False,False,False,False,False,False,False,False
-0.5081143520648375,-0.492203942559168,365,2757,1603,300,-0.2590771737977863,-0.2341340832350216,-0.2836878844874384,True,False,False,False,True,False,False,False,False,False,False,False,True,False,False,False,True,False,False,False,False,False,False,True,False,False,False,False,False,False,False,False,False,False,False,False,False,False,False,False,False,False,False,True
0.252866932283646,0.445774516928535,695,24034,13528,1020,0.07174008570321772,1.8225537229305337,0.37561330788044645,True,False,False,False,True,False,False,False,False,False,False,True,False,False,False,False,False,False,False,False,False,False,False,False,False,False,False,False,False,False,True,False,False,False,False,False,False,False,False,False,False,False,False,False
-0.5109755149224642,-0.5521613955491729,324,3121,1882,269,-0.35359639079807315,-0.3549335176332997,-0.4720596537354055,True,False,False,True,False,False,False,False,False,False,False,True,False,False,False,False,False,False,False,False,False,False,False,False,True,False,False,False,False,False,False,False,False,False,False,False,False,False,False,False,False,False,False,False
-0.4388301930201525,-0.4149706132839075,437,5010,3082,384,-0.21181756529764284,-0.20006244789191752,-0.23659494217544663,True,False,False,True,False,False,False,False,False,False,False,True,False,False,False,False,False,False,False,False,False,True,False,False,False,False,False,False,False,False,True,False,False,False,False,False,False,False,False,False,False,False,False,True
0.9071488509877099,0.7577565180799162,1333,54860,22816,1278,-0.07003873979721256,0.8189891910063771,0.35206683672445055,True,False,False,False,False,False,False,False,False,False,False,True,False,False,False,False,False,False,False,False,False,True,False,True,False,False,False,False,False,False,False,False,False,False,False,False,False,False,False,False,False,False,False,False
-0.3794940771419853,-0.22087106207897655,530,5123,3244,470,0.07174008570321772,0.31101208225464366,0.37561330788044645,True,False,False,True,False,False,False,False,False,False,False,True,False,False,False,False,False,False,False,False,True,False,False,False,False,False,False,False,False,False,True,False,False,False,False,False,False,False,False,False,False,False,False,False
-0.5323682095194889,-0.5298043791800184,359,2541,1435,289,-0.2590771737977863,-0.35183609623847206,-0.4720596537354055,True,False,False,False,False,False,False,False,False,False,False,True,False,False,False,False,False,False,False,False,True,False,False,False,False,False,False,False,True,False,False,False,False,False,False,False,False,False,False,False,False,False,False,False
-0.5274822237164648,-0.5643561317505298,331,2541,1519,251,-0.3063367822979297,-0.38900515297640376,-0.4720596537354055,True,False,False,True,False,False,False,False,False,False,False,True,False,False,False,False,False,False,False,True,False,False,False,False,False,False,False,False,False,False,False,False,False,True,False,False,False,False,False,False,False,False,False,False
-0.5259856154524754,-0.5735021839015474,333,3295,1772,252,-0.35359639079807315,-0.45714842366261194,-0.5897920095153849,True,False,False,False,False,False,False,False,False,False,False,True,False,False,False,False,False,False,True,False,False,False,False,False,False,False,False,False,False,True,False,False,False,False,False,False,False,False,False,False,False,False,False,True
0.8641873902331911,1.0504301869124821,1016,50076,24448,1564,1.20597068970666,3.027450645518487,1.7648551060842037,True,False,False,False,True,False,False,False,False,False,False,True,False,False,False,False,False,False,True,False,False,False,False,False,False,False,False,False,False,False,True,False,False,False,False,False,False,False,False,False,False,False,False,False
-0.42694536268847216,-0.4291978055188239,408,5161,2974,387,-0.2590771737977863,-0.11952949162639878,-0.04822317292747953,True,False,False,True,False,False,False,False,False,False,False,True,False,False,False,False,False,False,True,False,False,False,False,True,False,False,False,False,False,False,False,False,False,False,False,False,False,False,False,False,False,False,False,True
-0.46339217570562535,-0.5003337666934059,409,5700,2806,331,-0.35359639079807315,-0.4261742097143355,-0.5191525960473973,True,False,False,False,False,False,False,False,False,False,False,True,False,False,False,False,False,True,False,False,False,False,False,False,False,False,False,False,False,True,False,False,False,False,False,False,False,False,False,False,False,False,False,False
-0.20544733961804362,0.2343990894383484,1130,14014,7880,1075,-0.2590771737977863,-0.38590773158157615,-0.2836878844874384,False,True,False,True,False,False,False,False,False,False,False,True,False,False,False,False,False,True,False,False,False,False,True,False,False,False,False,False,False,False,False,False,False,False,False,False,False,False,False,False,False,False,False,True
2.595322972767733,0.02607234599850104,759,122474,30912,646,-0.16455795679749943,0.13136164135464035,-0.18950199986345484,True,False,False,False,True,False,False,False,False,False,False,True,False,False,False,False,True,False,False,False,False,False,False,False,False,False,False,False,False,False,True,False,False,False,False,False,False,False,False,False,False,False,False,False
-0.46418449772773734,-0.5348855192639171,323,4200,2426,298,-0.2590771737977863,-0.19696502649708986,-0.26014141333144253,True,False,False,False,True,False,False,False,False,False,False,True,False,False,False,False,True,False,False,False,False,False,False,True,False,False,False,False,False,False,False,False,False,False,False,False,False,False,False,False,False,False,False,False
-0.4687623582999402,-0.5582587636498513,344,5069,2846,283,-0.35359639079807315,-0.42927163110916317,-0.5662455383593891,True,False,False,False,False,False,False,False,False,False,False,True,False,False,False,False,False,False,False,False,False,False,False,False,False,False,False,False,False,False,False,False,True,False,False,False,False,False,False,False,False,False,False,True
1.617069382800085,1.3410713997114887,1577,92348,34880,1790,-0.16455795679749943,2.1106139126495047,0.9642750867803435,True,False,False,False,False,False,False,False,False,False,False,True,False,False,False,False,False,False,False,False,False,False,False,True,False,False,False,False,False,False,False,False,False,False,False,False,False,False,False,False,False,False,False,False
-0.4476337710436195,-0.3976947369986519,434,4831,2868,389,-0.117298348297356,-0.12572433441605407,-0.16595552870745897,True,False,False,True,False,False,False,False,False,False,False,True,False,False,False,False,False,False,False,False,False,True,False,False,False,False,False,False,False,False,True,False,False,False,False,False,False,False,False,False,False,False,False,False
-0.49781416577738113,-0.5826482360525651,315,3418,2067,248,-0.3063367822979297,-0.3828103101867485,-0.37787376911142195,True,False,False,False,True,False,False,False,False,False,False,True,False,False,False,False,False,False,False,False,False,True,False,True,False,False,False,False,False,False,False,False,False,False,False,False,False,False,False,False,False,False,False,False
-0.5137486419998564,-0.5531776235659526,322,2205,1306,257,-0.2590771737977863,-0.32086188229019563,-0.11886258639546719,True,False,False,True,False,False,False,False,False,False,False,True,False,False,False,False,False,False,False,False,True,False,False,False,False,False,False,False,False,False,True,False,False,False,False,False,False,False,False,False,False,False,False,True
0.3616791566536975,0.059607870552232566,906,46700,17528,796,-0.07003873979721256,-0.24652376881433216,-0.5662455383593891,True,False,False,False,True,False,False,False,False,False,False,True,False,False,False,False,False,False,False,False,True,False,False,True,False,False,False,False,False,False,False,False,False,False,False,False,False,False,False,False,False,False,False,True
-0.2607338096054161,-0.2950557073038978,398,9342,5372,467,-0.2590771737977863,0.26764818272705665,-0.14240905755146308,True,False,False,False,True,False,False,False,False,False,False,True,False,False,False,False,False,False,False,True,False,False,False,False,False,False,False,False,False,False,True,False,False,False,False,False,False,False,False,False,False,False,False,False
-0.5389708930370891,-0.5846806920861246,321,1604,915,239,-0.21181756529764284,-0.4385638952936461,-0.37787376911142195,True,False,False,True,False,False,False,False,False,False,False,True,False,False,False,False,False,False,False,True,False,False,False,False,False,False,False,False,False,False,False,False,False,False,False,False,False,False,False,False,False,False,False,False
-0.5677145752837087,-0.6537841972271471,268,1055,651,187,-0.3063367822979297,-0.5159994301643371,-0.5662455383593891,True,False,False,False,True,False,False,False,False,False,False,True,False,False,False,False,False,False,True,False,False,False,False,False,False,False,False,False,False,False,False,True,False,False,False,False,False,False,False,False,False,False,False,True
-0.051736867328310614,-0.07758291171303276,461,15779,8844,657,-0.16455795679749943,0.7973072412425837,0.09305565400849579,True,False,False,False,True,False,False,False,False,False,False,True,False,False,False,False,False,False,True,False,False,False,False,True,False,False,False,False,False,False,False,False,False,False,False,False,False,False,False,False,False,False,False,True
0.6592400938468805,0.14395479594495125,991,40181,15808,740,-0.2590771737977863,-0.19696502649708986,-0.40142024026741785,True,False,False,False,False,False,False,False,False,False,False,True,False,False,False,False,False,True,False,False,False,False,False,False,False,False,False,False,False,False,True,False,False,False,False,False,False,False,False,False,False,False,False,False
-0.5534527788856922,-0.5663885877840892,351,1475,827,230,-0.2590771737977863,-0.4974149017953713,-0.4249667114234137,True,False,False,True,False,False,False,False,False,False,False,True,False,False,False,False,False,True,False,False,False,False,False,False,True,False,False,False,False,False,False,False,False,False,False,False,False,False,False,False,False,False,False,False
0.022917474310689148,-0.6263460407740941,286,25539,14056,291,1.5840475577078075,-0.5036097445850266,-0.6133384806713809,False,True,False,True,False,False,False,False,False,False,False,True,False,False,False,False,True,False,False,False,False,False,False,False,False,False,False,False,False,False,False,False,True,False,False,False,False,False,False,False,False,False,False,False
0.01305746692440616,0.4803262694990462,1354,25610,13376,1233,-0.21181756529764284,-0.2805954041574362,-0.40142024026741785,True,False,False,False,False,False,False,False,False,False,False,True,False,False,False,False,True,False,False,False,False,False,False,False,False,False,False,True,False,False,False,False,False,False,False,False,False,False,False,False,False,False,False,False
-0.35906977612754193,-0.1538000129715135,632,7407,4288,584,0.40255734520422176,0.15304359111843385,0.022416240540508125,True,False,False,False,True,False,False,False,False,False,False,True,False,False,False,False,False,False,False,False,False,False,False,False,False,False,False,False,False,False,False,False,True,False,False,False,False,False,False,False,False,False,False,False
-0.5001911318437172,-0.539966659347816,330,3655,2063,279,-0.2590771737977863,-0.2836928255522639,-0.4485131825794096,True,False,False,True,False,False,False,False,False,False,False,True,False,False,False,False,False,False,False,False,False,False,False,False,True,False,False,False,False,False,False,False,False,False,False,False,False,False,False,False,False,False,False,False
-0.421663215874392,-0.37838640467983675,431,4972,3008,401,-0.07003873979721256,0.004367364166706967,-0.0011302306154877617,True,False,False,False,True,False,False,False,False,False,False,True,False,False,False,False,False,False,False,False,False,True,False,False,False,False,False,False,False,False,True,False,False,False,False,False,False,False,False,False,False,False,False,False
-0.24840880037256236,0.07789997485426794,953,12905,7360,956,-0.3063367822979297,-0.32086188229019563,-0.37787376911142195,False,True,False,True,False,False,False,False,False,False,False,True,False,False,False,False,False,False,False,False,False,True,False,False,True,False,False,False,False,False,False,False,False,False,False,False,False,False,False,False,False,False,False,False
0.27575623514466,2.4894090586725985,3244,26881,15056,2806,0.4970765622045086,0.47827283757533645,0.6346244905964011,False,True,False,True,False,False,False,False,False,False,False,True,False,False,False,False,False,False,False,False,True,False,False,False,False,False,False,False,False,False,True,False,False,False,False,False,False,False,False,False,False,False,False,True
-0.38988229920967626,-0.39871096501543163,477,7723,4184,421,-0.2590771737977863,-0.30227735392122973,-0.14240905755146308,True,False,False,False,False,False,False,False,False,False,False,True,False,False,False,False,False,False,False,False,True,False,False,False,False,False,True,False,False,False,False,False,False,False,False,False,False,False,False,False,False,False,False,False
0.061301074493005064,1.937597245561198,2781,22103,13296,2602,0.07174008570321772,-0.2558160329988151,-0.23659494217544663,False,True,False,True,False,False,False,False,False,False,True,False,False,False,False,False,False,False,False,True,False,False,False,False,False,False,False,False,False,False,False,False,False,False,True,False,False,False,False,False,False,False,False,False
-0.4617194958811666,-0.4546035059383175,342,4518,2390,360,-0.21181756529764284,0.03224415672015576,-0.024676701771483647,True,False,False,False,True,False,False,False,False,False,True,False,False,False,False,False,False,False,False,True,False,False,False,False,False,False,False,False,True,False,False,False,False,False,False,False,False,False,False,False,False,False,False,True
3.588366573814805,-0.22493597414609554,575,78287,22016,417,-0.07003873979721256,-0.2124521334712281,-0.37787376911142195,True,False,False,False,False,False,False,False,False,False,True,False,False,False,False,False,False,False,True,False,False,False,False,False,False,False,False,False,False,False,True,False,False,False,False,False,False,False,False,False,False,False,False,True
0.040524630357623055,-0.053193439310318925,591,13498,8560,650,2.6710185532111064,0.5866825863943039,-0.04822317292747953,True,False,False,True,False,False,False,False,False,False,True,False,False,False,False,False,False,False,True,False,False,False,False,True,False,False,False,False,False,False,False,False,False,False,False,False,False,False,False,False,False,False,False,False
-0.4577578857706065,-0.48407411842493003,374,4487,2730,348,0.07174008570321772,-0.2341340832350216,-0.18950199986345484,True,False,False,True,False,False,False,False,False,False,True,False,False,False,False,False,False,True,False,False,False,False,False,False,False,False,False,False,False,False,False,False,False,True,False,False,False,False,False,False,False,False,False,False
-0.4877780868306288,-0.5043986787605249,351,3681,2020,327,-0.2590771737977863,-0.20006244789191752,-0.16595552870745897,True,False,False,False,True,False,False,False,False,False,True,False,False,False,False,False,True,False,False,False,False,False,False,False,False,False,False,False,False,False,False,False,False,False,False,False,False,False,False,False,False,False,True,False
-0.48113138542291123,-0.5735021839015474,297,3764,2208,266,-0.35359639079807315,-0.2589134543936427,-0.16595552870745897,True,False,False,False,True,False,False,False,False,False,True,False,False,False,False,False,True,False,False,False,False,False,False,False,False,False,False,False,False,False,False,False,False,True,False,False,False,False,False,False,False,False,False,False
-0.135546930111716,-0.7980885756098707,126,20030,10384,126,-0.07003873979721256,-0.5067071659798542,-0.6133384806713809,False,True,False,True,False,False,False,False,False,False,True,False,False,False,False,False,True,False,False,False,False,False,False,False,False,False,True,False,False,False,False,False,False,False,False,False,False,False,False,False,False,False,False,True
-0.40986642132294626,-0.6100863925056181,289,3238,2100,222,-0.3063367822979297,-0.4168819455298526,-0.40142024026741785,True,False,False,False,False,False,False,False,False,False,True,False,False,False,False,False,False,False,False,False,False,False,False,False,False,False,False,False,False,False,False,True,False,False,False,False,False,False,False,False,False,False,False,False
-0.4721957537290923,-0.5572425356330716,319,3993,2426,279,-0.3063367822979297,-0.24652376881433216,-0.14240905755146308,True,False,False,True,False,False,False,False,False,False,True,False,False,False,False,False,False,False,False,False,False,False,False,False,False,True,False,False,False,False,False,False,False,False,False,False,False,False,False,False,False,False,False,False
-0.12973656861622782,-0.8052021717273289,119,18838,10564,123,-0.21181756529764284,-0.5098045873746819,-0.6133384806713809,False,True,False,True,False,False,False,False,False,False,True,False,False,False,False,False,False,False,False,False,False,True,False,False,False,False,False,False,False,False,True,False,False,False,False,False,False,False,False,False,False,False,False,False
-0.13272978514420658,-0.007463178555230486,783,14425,8048,722,0.213518911203648,0.1840178050667103,0.4227062501924382,True,False,False,False,True,False,False,False,False,False,True,False,False,False,False,False,False,False,False,False,False,True,False,False,True,False,False,False,False,False,False,False,False,False,False,False,False,False,False,False,False,False,False,False
-0.4537962756600464,-0.5043986787605249,354,4319,2468,309,-0.16455795679749943,-0.20315986928674515,-0.09531611523947131,True,False,False,True,False,False,False,False,False,False,True,False,False,False,False,False,False,False,False,False,True,False,False,False,False,False,False,False,False,False,True,False,False,False,False,False,False,False,False,False,False,False,False,False
-0.4630400325846867,-0.4769605223074718,395,4708,2508,344,-0.2590771737977863,-0.23723150462984924,-0.04822317292747953,True,False,False,False,False,False,False,False,False,False,True,False,False,False,False,False,False,False,False,False,True,False,True,False,False,False,False,False,False,False,False,False,False,False,False,False,False,False,False,False,False,False,False,False
-0.43169929482114433,-0.4403763137034011,406,4911,2826,355,0.11899969420336114,-0.10094496325743292,0.09305565400849579,True,False,False,True,False,False,False,False,False,False,True,False,False,False,False,False,False,False,False,True,False,False,False,False,False,False,False,False,False,False,False,True,False,False,False,False,False,False,False,False,False,False,False,True
0.2669526571211931,0.09720830717308306,592,26701,14792,757,-0.07003873979721256,1.107049380725348,1.3174721541202818,True,False,False,False,True,False,False,False,False,False,True,False,False,False,False,False,False,False,False,True,False,False,False,True,False,False,False,False,False,False,False,False,False,False,False,False,False,False,False,False,False,False,False,False
-0.39666105428774584,-0.39058114088119367,460,7389,4206,428,-0.16455795679749943,-0.1845753409177793,-0.11886258639546719,True,False,False,False,False,False,False,False,False,False,True,False,False,False,False,False,False,False,True,False,False,False,False,False,False,False,False,False,False,False,False,True,False,False,False,False,False,False,False,False,False,False,False,False
0.152153999695184,1.6794753292991431,2448,23338,11800,1905,0.07174008570321772,0.9490808895891382,1.2232862694962983,False,True,False,True,False,False,False,False,False,False,True,False,False,False,False,False,False,False,True,False,False,False,False,False,False,False,True,False,False,False,False,False,False,False,False,False,False,False,False,False,False,False,False,False
0.3507627199045985,2.9995555230960296,3822,24667,12920,2218,0.4970765622045086,0.4256166738632665,1.1526468560283105,False,False,True,False,False,False,False,False,False,False,True,False,False,False,False,False,False,True,False,False,False,False,False,False,False,False,False,False,False,False,False,True,False,False,False,False,False,False,False,False,False,False,False,True
7.332352235634832,7.267713193570951,4010,108752,51456,3316,17.22697797125528,15.469792388541132,17.964827261409372,True,False,False,True,False,False,False,False,False,False,True,False,False,False,False,False,False,True,False,False,False,False,False,False,False,True,False,False,False,False,False,False,False,False,False,False,False,False,False,False,False,False,False,True
1.3452148934354256,0.13379251577715381,930,22904,14080,559,-0.16455795679749943,-0.07306817070398412,0.06950918285249989,True,False,False,False,False,False,False,False,False,False,True,False,False,False,False,False,True,False,False,False,False,False,False,False,False,False,False,False,False,False,False,False,False,True,False,False,False,False,False,False,False,False,False,False
-0.48518103131370605,-0.37635394864627725,503,3840,2040,323,-0.35359639079807315,-0.32395930368502324,-0.2836878844874384,True,False,False,True,False,False,False,False,False,False,True,False,False,False,False,False,True,False,False,False,False,False,False,False,False,False,False,False,True,False,False,False,False,False,False,False,False,False,False,False,False,False,False,False
-0.4596946729357692,-0.38550000079729496,482,4371,2260,314,-0.35359639079807315,-0.25271861160398745,-0.18950199986345484,True,False,False,True,False,False,False,False,False,False,True,False,False,False,False,False,False,False,False,False,False,False,False,False,False,False,False,False,False,False,False,False,True,False,False,False,False,False,False,False,False,False,False,False
-0.4620716390021053,-0.3550131602939027,512,4446,2598,355,-0.3063367822979297,-0.24652376881433216,-0.18950199986345484,True,False,False,False,True,False,False,False,False,False,True,False,False,False,False,False,False,False,False,False,False,False,False,False,False,False,True,False,False,False,False,False,False,False,False,False,False,False,False,False,False,False,False,False
-0.49746202265644246,-0.44850613783763904,444,3342,1946,287,-0.3063367822979297,-0.38590773158157615,-0.30723435564343426,True,False,False,True,False,False,False,False,False,False,True,False,False,False,False,False,False,False,False,False,False,True,False,False,False,False,False,False,False,False,False,True,False,False,False,False,False,False,False,False,False,False,False,True
-0.3545799513355738,-0.30318553143813576,570,6651,4212,383,-0.16455795679749943,-0.33015414647467856,-0.40142024026741785,True,False,False,False,False,False,False,False,False,False,True,False,False,False,False,False,False,False,False,False,False,True,False,False,False,False,True,False,False,False,False,False,False,False,False,False,False,False,False,False,False,False,False,True
0.5740214585797204,-0.04404738715930124,740,20270,10208,563,-0.07003873979721256,0.05082868508912162,0.16369506747648344,True,False,False,False,False,False,False,False,False,False,True,False,False,False,False,False,False,False,False,False,True,False,False,False,False,False,False,False,False,False,False,True,False,False,False,False,False,False,False,False,False,False,False,False
-0.3790538982408119,-0.16701097718965016,646,5867,3404,516,-0.07003873979721256,0.14994616972360622,0.35206683672445055,True,False,False,False,True,False,False,False,False,False,True,False,False,False,False,False,False,False,False,False,True,False,False,False,False,True,False,False,False,False,False,False,False,False,False,False,False,False,False,False,False,False,False,False
0.0736260837258588,1.5209437586815033,2327,19078,10840,1839,0.16625930270350456,0.18711522646153794,0.5639850771284135,False,True,False,True,False,False,False,False,False,False,True,False,False,False,False,False,False,False,False,True,False,False,False,False,False,False,False,False,False,False,False,False,True,False,False,False,False,False,False,False,False,False,False,True
1.7762380734643675,0.7110100293080479,963,42128,24224,977,0.11899969420336114,1.7884820875874297,0.7288103752203847,True,False,False,False,True,False,False,False,False,False,True,False,False,False,False,False,False,False,False,True,False,False,False,True,False,False,False,False,False,False,False,False,False,False,False,False,False,False,False,False,False,False,False,False
-0.4479859141645582,-0.32351009177373063,574,4760,2852,399,1.0641918642062298,-0.404492259950542,-0.4485131825794096,True,False,False,True,False,False,False,False,False,False,True,False,False,False,False,False,False,False,True,False,False,False,False,False,False,False,False,False,False,False,False,False,True,False,False,False,False,False,False,False,False,False,False,True
0.7923501935617009,-0.058274579394217645,770,24010,12992,583,-0.2590771737977863,-0.15979596975915814,0.11660212516449167,True,False,False,False,False,False,False,False,False,False,True,False,False,False,False,False,False,False,True,False,False,False,False,False,False,False,True,False,False,False,False,False,False,False,False,False,False,False,False,False,False,False,False,True
1.1635090430310675,0.49455346173396264,1330,27771,14848,907,-0.16455795679749943,-0.22793924044536631,-0.40142024026741785,True,False,False,False,False,False,False,False,False,False,True,False,False,False,False,False,False,True,False,False,False,False,False,False,False,False,False,False,False,False,False,False,False,True,False,False,False,False,False,False,False,False,False,True
-0.4262410764465948,-0.23916316638101193,597,4404,2326,407,0.11899969420336114,-0.032801692571224755,-0.024676701771483647,True,False,False,True,False,False,False,False,False,False,True,False,False,False,False,False,False,True,False,False,False,False,False,False,False,False,False,False,False,False,False,False,False,False,False,False,False,False,False,False,False,False,False,False
-0.4066090974542635,-0.19444913364270322,648,5010,2818,459,0.07174008570321772,-0.07926301349363941,0.32852036556845465,True,False,False,False,True,False,False,False,False,False,True,False,False,False,False,False,True,False,False,False,False,False,False,False,False,False,False,False,False,False,False,False,False,True,False,False,False,False,False,False,False,False,False,False
-0.42386411038025873,-0.22290351811253603,638,5936,3164,460,-0.35359639079807315,-0.15360112696950287,-0.2836878844874384,True,False,False,True,False,False,False,False,False,False,True,False,False,False,False,False,True,False,False,False,False,False,False,False,False,False,False,True,False,False,False,False,False,False,False,False,False,False,False,False,False,False,False,True
0.6296600716880315,0.044364450300536415,827,18035,11120,636,0.2607785197037914,0.17472554088222736,0.37561330788044645,True,False,False,False,False,False,False,False,False,False,True,False,False,False,False,False,False,False,False,False,False,False,False,False,False,False,False,False,False,False,False,False,False,True,False,False,False,False,False,False,False,False,False,False
-0.46541699865102276,-0.41395438526712774,478,3675,2196,307,-0.2590771737977863,-0.361128360422955,-0.26014141333144253,True,False,False,True,False,False,False,False,False,False,True,False,False,False,False,False,False,False,False,False,False,False,False,True,False,False,False,False,False,False,False,False,False,False,False,False,False,False,False,False,False,False,False,False
-0.4567014564077905,-0.37635394864627725,513,4606,2660,360,-0.35359639079807315,-0.34564125344881674,-0.4249667114234137,True,False,False,True,False,False,False,False,False,False,True,False,False,False,False,False,False,False,False,False,False,True,False,False,False,False,False,False,False,False,False,True,False,False,False,False,False,False,False,False,False,False,False,True
1.0860375564245583,0.44170960486141597,890,17365,12624,827,-0.02277913129706914,1.0884648523563822,0.7759033175323764,True,False,False,False,True,False,False,False,False,False,True,False,False,False,False,False,False,False,False,False,False,True,False,True,False,False,False,False,False,False,False,False,False,False,False,False,False,False,False,False,False,False,False,False
-0.49631755751339174,-0.39871096501543163,503,3086,1846,328,-0.21181756529764284,-0.4199793669246802,-0.40142024026741785,True,False,False,False,True,False,False,False,False,False,True,False,False,False,False,False,False,False,False,False,True,False,False,False,False,False,False,False,False,False,False,False,False,True,False,False,False,False,False,False,False,False,False,True
-0.2936591914131825,-0.16497852115609069,700,8855,4712,471,-0.2590771737977863,-0.317764460895368,-0.07176964408347541,True,False,False,False,False,False,False,False,False,False,True,False,False,False,False,False,False,False,False,False,True,False,False,True,False,False,False,False,False,False,False,False,False,False,False,False,False,False,False,False,False,False,False,False
-0.16354230822634092,0.5616245108414257,1441,14450,8536,1395,0.2607785197037914,-0.361128360422955,-0.33078082679943016,False,True,False,True,False,False,False,False,False,False,True,False,False,False,False,False,False,False,False,True,False,False,False,False,False,False,False,False,False,False,True,False,False,False,False,False,False,False,False,False,False,False,False,False
-0.3299299328698663,-0.011528090622349458,861,7243,4040,490,0.875153430205656,-0.04828879954536298,-0.4720596537354055,True,False,False,False,False,False,False,False,False,False,True,False,False,False,False,False,False,False,False,True,False,False,False,True,False,False,False,False,False,False,False,False,False,False,False,False,False,False,False,False,False,False,False,False
-0.4617194958811666,-0.41192192923356824,493,5005,2704,340,-0.2590771737977863,-0.404492259950542,-0.5426990672033931,True,False,False,False,False,False,False,False,False,False,True,False,False,False,False,False,False,False,True,False,False,False,False,False,False,False,False,False,False,True,False,False,False,False,False,False,False,False,False,False,False,False,False,True
1.7234166053235658,1.1002253597346896,1412,23679,17104,975,-0.07003873979721256,1.6057342252925986,0.022416240540508125,True,False,False,True,False,False,False,False,False,False,True,False,False,False,False,False,False,False,True,False,False,False,False,False,False,True,False,False,False,False,False,False,False,False,False,False,False,False,False,False,False,False,False,True
2.336145635756866,0.2750482101095381,1054,40203,19968,708,-0.02277913129706914,0.11587453438050214,0.46979919250443,True,False,False,False,False,False,False,False,False,False,True,False,False,False,False,False,False,True,False,False,False,False,False,False,False,False,False,False,False,False,True,False,False,False,False,False,False,False,False,False,False,False,False,True
2.737588793626959,2.000603382601542,2495,31096,19744,1276,0.6861149962050823,1.1039519593305205,0.09305565400849579,True,False,False,False,False,False,False,False,False,False,True,False,False,False,False,False,False,True,False,False,False,False,False,True,False,False,False,False,False,False,False,False,False,False,False,False,False,False,False,False,False,False,False,True
-0.37174692848133434,0.08806225502206537,933,5307,3204,537,-0.3063367822979297,-0.1071398060470882,-0.0011302306154877617,True,False,False,False,True,False,False,False,False,False,True,False,False,False,False,False,False,False,True,False,False,False,False,False,False,False,False,False,False,False,False,False,True,False,False,False,False,False,False,False,False,False,False,False
-0.4488662719669049,-0.025755282857265863,884,4700,2726,493,0.4970765622045086,-0.40758968134536966,-0.4720596537354055,True,False,False,True,False,False,False,False,False,False,True,False,False,False,False,False,False,False,True,False,False,False,False,True,False,False,False,False,False,False,False,False,False,False,False,False,False,False,False,False,False,False,False,False
0.1944111742078254,2.867445880914663,3682,25584,14920,3300,1.3477495152070902,-0.24652376881433216,-0.30723435564343426,False,True,False,True,False,False,False,False,False,False,True,False,False,False,False,False,False,True,False,False,False,False,False,False,False,False,False,False,False,False,False,False,False,True,False,False,False,False,False,False,False,False,False,False
-0.5100511392300002,-0.20156272976016143,716,2545,1529,372,-0.35359639079807315,-0.4726355306367502,-0.5191525960473973,True,False,False,False,True,False,False,False,False,False,True,False,False,False,False,False,False,True,False,False,False,False,False,False,True,False,False,False,False,False,False,False,False,False,False,False,False,False,False,False,False,False,False,True
5.506842296688723,0.8725902839760271,1643,107502,38720,1008,0.7333746047052258,0.08180289903739806,0.3991597790364423,False,False,True,False,False,False,False,False,False,True,False,False,False,False,False,False,True,False,False,False,False,False,False,False,False,False,False,False,False,False,False,False,False,True,False,False,False,False,False,False,False,False,False,False
-0.3543158439948698,0.12464646362613613,947,5901,2894,583,0.16625930270350456,0.07560805624774278,-0.5191525960473973,True,False,False,False,False,False,False,False,False,True,False,False,False,False,False,False,True,False,False,False,False,False,False,False,False,False,False,False,False,True,False,False,False,False,False,False,False,False,False,False,False,False,False,True
4.188418451894313,1.6581345409467685,2457,48765,25024,1353,-0.02277913129706914,-0.09165269907294998,0.28142742325646286,True,False,False,False,False,False,False,False,False,True,False,False,False,False,False,False,True,False,False,False,False,False,False,True,False,False,False,False,False,False,False,False,False,False,False,False,False,False,False,False,False,False,False,False
-0.47061110968486825,-0.18835176554202476,720,3399,2162,375,-0.3063367822979297,-0.4261742097143355,-0.4485131825794096,True,False,False,True,False,False,False,False,False,True,False,False,False,False,False,False,False,False,False,False,False,False,False,False,False,False,False,False,False,False,False,False,True,False,False,False,False,False,False,False,False,False,False,False
-0.47791807944434583,-0.011528090622349458,872,3559,2126,477,-0.3063367822979297,-0.33015414647467856,-0.23659494217544663,True,False,False,True,False,False,False,False,False,True,False,False,False,False,False,False,False,False,False,False,False,False,False,False,True,False,False,False,False,False,False,False,False,False,False,False,False,False,False,False,False,False,False,False
-0.08184510416856759,1.3410713997114887,2193,17717,10400,2119,-0.35359639079807315,-0.22793924044536631,-0.33078082679943016,False,True,False,True,False,False,False,False,False,True,False,False,False,False,False,False,False,False,False,False,False,True,False,False,False,False,False,False,False,False,False,True,False,False,False,False,False,False,False,False,False,False,False,False
-0.18713589732923236,0.48743986561650443,1381,15917,8972,1035,-0.3063367822979297,-0.44475873808330135,-0.5426990672033931,True,False,False,False,False,False,False,False,False,True,False,False,False,False,False,False,False,False,False,False,False,True,False,False,True,False,False,False,False,False,False,False,False,False,False,False,False,False,False,False,False,False,False,True
0.6254343542367674,0.7221885374926251,1537,41207,23440,1225,0.16625930270350456,-0.1505037055746752,-0.35432729795542606,True,False,False,False,False,False,False,False,False,True,False,False,False,False,False,False,False,False,False,False,True,False,False,False,False,False,False,False,False,False,False,False,True,False,False,False,False,False,False,False,False,False,False,False
-0.23221021680938317,-0.05116098327675944,843,11970,6796,774,-0.16455795679749943,-0.3270567250798509,-0.21304847101945074,False,True,False,True,False,False,False,False,False,True,False,False,False,False,False,False,False,False,False,False,True,False,False,False,True,False,False,False,False,False,False,False,False,False,False,False,False,False,False,False,False,False,False,False
-0.5049890818665067,-0.539966659347816,383,3963,2301,342,-0.35359639079807315,-0.5036097445850266,-0.5662455383593891,True,False,False,False,False,False,False,False,False,True,False,False,False,False,False,False,False,False,False,True,False,False,False,False,False,False,False,False,False,False,False,True,False,False,False,False,False,False,False,False,False,False,False,True
0.29301124807065526,0.015910065830703608,860,5648,3856,460,0.30803812820393484,-0.2341340832350216,-0.4249667114234137,True,False,False,False,False,False,False,False,False,True,False,False,False,False,False,False,False,False,True,False,False,False,False,False,False,False,False,False,False,False,False,False,False,False,False,False,False,False,False,False,False,True,False,True
0.3078012591500798,0.5057319699185399,1038,19738,13656,998,4.5141432847167,0.9026195686667235,0.14014859632048757,True,False,False,False,False,False,False,False,False,True,False,False,False,False,False,False,False,False,True,False,False,False,False,False,False,False,False,False,False,False,False,False,True,False,False,False,False,False,False,False,False,False,False,False
-0.5062656006799094,-0.7625205950225796,145,3147,1794,137,-0.117298348297356,-0.37351804600226557,-0.5191525960473973,True,False,False,False,False,False,False,False,False,True,False,False,False,False,False,False,False,False,True,False,False,False,False,False,False,False,False,False,False,False,False,True,False,False,False,False,False,False,False,False,False,False,False,False
-0.5358896407288757,-0.3296074598744091,591,2888,1406,340,-0.35359639079807315,-0.47883037342640544,-0.5897920095153849,True,False,False,False,False,False,False,False,False,True,False,False,False,False,False,False,False,False,True,False,False,False,False,False,False,False,False,True,False,False,False,False,False,False,False,False,False,False,False,False,False,False,False,False
-0.4218392874348613,-0.1700596612399894,681,4569,2782,459,-0.117298348297356,-0.11333464883674349,-0.024676701771483647,True,False,False,True,False,False,False,False,False,True,False,False,False,False,False,False,False,False,True,False,False,False,False,True,False,False,False,False,False,False,False,False,False,False,False,False,False,False,False,False,False,False,False,False
-0.49821032678843713,-0.3570456163274621,560,3802,2144,348,-0.35359639079807315,-0.491220059005716,-0.5191525960473973,True,False,False,False,False,False,False,False,False,True,False,False,False,False,False,False,False,True,False,False,False,False,False,False,False,False,False,False,False,False,False,True,False,False,False,False,False,False,False,False,False,False,False,False
-0.46576914177196144,-0.3153802676394927,569,4111,2236,375,-0.3063367822979297,-0.33015414647467856,-0.09531611523947131,True,False,False,True,False,False,False,False,False,True,False,False,False,False,False,False,False,True,False,False,False,False,False,True,False,False,False,False,False,False,False,False,False,False,False,False,False,False,False,False,False,False,False,False
-0.45353216831934234,-0.23306579828033347,656,3351,2110,436,-0.35359639079807315,-0.3270567250798509,-0.14240905755146308,True,False,False,False,False,False,False,False,False,True,False,False,False,False,False,False,True,False,False,False,False,False,False,False,False,False,False,False,False,False,False,False,False,True,False,False,False,False,False,False,False,False,False,False
-0.10050868957831753,0.24354514158936608,1138,20024,10568,920,-0.117298348297356,-0.3828103101867485,-0.4720596537354055,True,False,False,False,False,False,False,False,False,True,False,False,False,False,False,False,True,False,False,False,False,False,True,False,False,False,False,False,False,False,False,False,False,False,False,False,False,False,False,False,False,False,False,False
-0.42500857552330945,-0.19953027372660195,671,5063,3114,501,-0.117298348297356,-0.2620108757884704,-0.18950199986345484,True,False,False,False,True,False,False,False,False,True,False,False,False,False,False,False,False,False,False,False,False,False,False,False,False,False,False,False,False,False,False,False,False,False,True,False,False,False,False,False,False,False,False,False
-0.49037514234755153,-0.36212675641136083,523,3519,2124,375,-0.35359639079807315,-0.3580309390281273,-0.40142024026741785,True,False,False,False,True,False,False,False,False,True,False,False,False,False,False,False,False,False,False,False,False,False,False,True,False,False,False,False,False,False,False,False,False,False,False,False,False,False,False,False,False,False,False,False
-0.4553809197042704,-0.3042017594549155,568,3708,2392,403,-0.35359639079807315,-0.30847219671088505,-0.26014141333144253,True,False,False,True,False,False,False,False,False,True,False,False,False,False,False,False,False,False,False,False,False,True,False,False,False,False,False,False,False,False,False,True,False,False,False,False,False,False,False,False,False,False,False,False
-0.24559165540505293,-0.08164782378015174,834,13786,7736,662,-0.35359639079807315,-0.5067071659798542,-0.6133384806713809,True,False,False,False,False,False,False,False,False,True,False,False,False,False,False,False,False,False,False,False,False,True,False,False,True,False,False,False,False,False,False,False,False,False,False,False,False,False,False,False,False,False,False,False
-0.3059842006460362,-0.011528090622349458,779,7431,4292,646,0.16625930270350456,0.16543327669774444,0.37561330788044645,True,False,False,True,False,False,False,False,False,True,False,False,False,False,False,False,False,False,False,False,True,False,False,False,False,False,False,False,False,True,False,False,False,False,False,False,False,False,False,False,False,False,False,False
-0.48773406894051147,-0.37432149261271774,503,3579,1966,348,-0.3063367822979297,-0.3270567250798509,-0.26014141333144253,True,False,False,False,True,False,False,False,False,True,False,False,False,False,False,False,False,False,False,False,True,False,True,False,False,False,False,False,False,False,False,False,False,False,False,False,False,False,False,False,False,False,False,True
2.198105532348904,0.46914776131446906,1229,32470,16480,760,0.07174008570321772,0.060120949273604556,0.022416240540508125,True,False,False,False,False,False,False,False,False,True,False,False,False,False,False,False,False,False,False,True,False,False,False,False,False,False,False,False,False,False,False,False,False,True,False,False,False,False,False,False,False,False,False,True
-0.10103690425972556,0.06570523865291102,705,8419,5840,594,-0.16455795679749943,0.47207799478568113,0.04596271169650401,True,False,False,False,True,False,False,False,False,True,False,False,False,False,False,False,False,False,False,True,False,False,False,True,False,False,False,False,False,False,False,False,False,False,False,False,False,False,False,False,False,False,False,True
1.9544224926593388,-0.036933791041843037,715,2289,1408,340,-0.35359639079807315,-0.09165269907294998,-0.4720596537354055,True,False,False,False,False,False,False,False,False,True,False,False,False,False,False,False,False,False,True,False,False,False,False,False,False,False,False,False,False,False,False,False,True,False,False,False,False,False,False,False,False,False,False,False
-0.40238338000299934,-0.07961536774659225,725,6086,3494,569,-0.2590771737977863,0.09419258461670864,0.022416240540508125,True,False,False,False,True,False,False,False,False,True,False,False,False,False,False,False,False,False,True,False,False,False,True,False,False,False,False,False,False,False,False,False,False,False,False,False,False,False,False,False,False,False,False,False
-0.3412865485201387,-0.17310834529032862,676,6253,3742,445,0.213518911203648,-0.09165269907294998,0.022416240540508125,True,False,False,True,False,False,False,False,False,True,False,False,False,False,False,False,False,True,False,False,False,False,False,False,False,False,False,False,False,False,False,False,False,True,False,False,False,False,False,False,False,False,False,False
-0.4075774910368449,-0.15481624098829325,683,5651,3144,506,-0.16455795679749943,-0.07306817070398412,-0.024676701771483647,True,False,False,False,True,False,False,False,False,True,False,False,False,False,False,False,False,True,False,False,False,False,False,True,False,False,False,False,False,False,False,False,False,False,False,False,False,False,False,False,False,False,False,True
0.3768213108540607,0.11041927139121972,934,9376,6864,546,-0.21181756529764284,-0.11023722744191584,-0.21304847101945074,True,False,False,False,True,False,False,False,False,True,False,False,False,False,False,False,True,False,False,False,False,False,False,False,False,False,False,False,False,False,False,False,False,True,False,False,False,False,False,False,False,False,False,False
-0.4467534132412728,-0.13144299660235914,730,4343,2590,482,0.024480477203074284,-0.21864697626088336,-0.16595552870745897,True,False,False,False,True,False,False,False,False,True,False,False,False,False,False,False,True,False,False,False,False,False,False,True,False,False,False,False,False,False,False,False,False,False,False,False,False,False,False,False,False,False,False,False
-0.41602892593937313,-0.25847149869982705,658,7037,3768,397,-0.35359639079807315,-0.4819277948212331,-0.5662455383593891,True,False,False,False,False,False,False,False,False,True,False,False,False,False,False,False,False,False,False,False,False,False,False,False,False,False,False,False,False,False,False,False,False,True,False,False,False,False,False,False,False,False,False,False
-0.45458859768215837,-0.26050395473338656,618,4229,2672,403,-0.2590771737977863,-0.2898876683419192,-0.33078082679943016,True,False,False,False,True,False,False,False,False,True,False,False,False,False,False,False,False,False,False,False,False,False,False,True,False,False,False,False,False,False,False,False,False,False,False,False,False,False,False,False,False,False,False,False
-0.4787104014664578,-0.3468833361596647,548,3574,2184,349,-0.2590771737977863,-0.36732320321261025,-0.35432729795542606,True,False,False,False,True,False,False,False,False,True,False,False,False,False,False,False,False,False,False,False,False,True,False,False,False,False,False,False,False,False,True,False,False,False,False,False,False,False,False,False,False,False,False,False
-0.4349566186898271,-0.2777798310186422,616,5416,3312,423,-0.21181756529764284,-0.3487386748436444,-0.30723435564343426,True,False,False,False,True,False,False,False,False,True,False,False,False,False,False,False,False,False,False,False,False,True,False,True,False,False,False,False,False,False,False,False,False,False,False,False,False,False,False,False,False,False,False,True
1.7093308804860188,0.7262534495597441,1622,18580,10144,876,-0.35359639079807315,-0.4757329520315778,-0.5426990672033931,True,False,False,False,False,False,False,False,False,True,False,False,False,False,False,False,False,False,False,False,True,False,False,False,False,False,False,False,False,False,False,False,True,False,False,False,False,False,False,False,False,False,False,True
1.4733949894571043,0.6469876642509241,1426,22710,13344,697,0.07174008570321772,0.026049313930500473,-0.09531611523947131,True,False,False,False,True,False,False,False,False,True,False,False,False,False,False,False,False,False,False,False,True,False,False,False,True,False,False,False,False,False,False,False,False,False,False,False,False,False,False,False,False,False,False,False
-0.46964271610228686,-0.16701097718965016,724,3476,2174,347,-0.35359639079807315,-0.3704206246074379,-0.23659494217544663,True,False,False,False,True,False,False,False,False,True,False,False,False,False,False,False,False,False,False,True,False,False,False,False,False,False,False,False,False,False,False,False,True,False,False,False,False,False,False,False,False,False,False,False
-0.46576914177196144,-0.2218872900957563,656,3484,1968,328,-0.2590771737977863,-0.32086188229019563,-0.30723435564343426,True,False,False,True,False,False,False,False,False,True,False,False,False,False,False,False,False,False,False,True,False,False,False,True,False,False,False,False,False,False,False,False,False,False,False,False,False,False,False,False,False,False,False,False
-0.31408349242762584,-0.15481624098829325,672,7048,4012,408,-0.2590771737977863,0.00746478556153461,0.3991597790364423,True,False,False,False,True,False,False,False,False,True,False,False,False,False,False,False,False,False,True,False,False,False,False,False,False,False,False,False,False,False,False,False,False,True,False,False,False,False,False,False,False,False,False,False
-0.11441834285539532,0.22423680927055095,1065,14792,7800,732,0.4970765622045086,-0.029704271176397113,0.5168921348164217,True,False,False,True,False,False,False,False,False,True,False,False,False,False,False,False,False,False,True,False,False,False,False,False,False,True,False,False,False,False,False,False,False,False,False,False,False,False,False,False,False,False,False,True
-0.015818268992565446,-0.16396229313931093,733,7326,4120,408,-0.35359639079807315,-0.4385638952936461,-0.5191525960473973,True,False,False,False,False,False,False,False,False,True,False,False,False,False,False,False,False,True,False,False,False,False,False,False,False,False,False,False,False,False,False,True,False,False,False,False,False,False,False,False,False,False,False,False
-0.4615434243206973,-0.3448508801261052,546,4491,2620,327,-0.2590771737977863,-0.3921025743712314,-0.4956061248914014,True,False,False,False,True,False,False,False,False,True,False,False,False,False,False,False,True,False,False,False,False,False,False,False,False,False,False,False,False,False,False,False,False,True,False,False,False,False,False,False,False,False,False,False
-0.4508030591320676,-0.36619166847847984,522,4930,2660,319,-0.2590771737977863,-0.34254383205398914,-0.30723435564343426,True,False,False,False,True,False,False,False,False,True,False,False,False,False,False,False,True,False,False,False,False,False,False,False,False,True,False,False,False,False,False,False,False,False,False,False,False,False,False,False,False,False,False,True
1.8825852959878484,1.6855726973998217,1334,78678,37408,1831,0.5915957792047954,3.6995910881960863,0.46979919250443,True,False,False,False,True,False,False,False,False,True,False,False,False,False,False,False,False,False,False,False,False,False,False,False,False,False,False,False,False,False,True,False,False,False,False,False,False,False,False,False,False,False,False,False
-0.4670016426952468,-0.4007434210489911,488,4658,2710,305,-0.2590771737977863,-0.37351804600226557,-0.4956061248914014,True,False,False,False,True,False,False,False,False,True,False,False,False,False,False,False,False,False,False,False,False,False,False,True,False,False,False,False,False,False,False,False,False,False,False,False,False,False,False,False,False,False,False,True
-0.4751009344768364,-0.191400449592364,712,4605,2540,342,-0.2590771737977863,-0.447856159478129,-0.40142024026741785,True,False,False,False,True,False,False,False,False,True,False,False,False,False,False,False,False,False,False,False,False,False,False,True,False,False,False,False,False,False,False,False,False,False,False,False,False,False,False,False,False,False,False,False
-0.4444644829551714,-0.20156272976016143,658,4955,2772,361,-0.3063367822979297,-0.3053747753160574,-0.23659494217544663,True,False,False,True,False,False,False,False,True,False,False,False,False,False,False,False,False,False,False,False,False,True,False,False,False,False,False,False,False,False,False,False,False,False,True,False,False,False,False,False,False,False,False,False
-0.44578501965869144,-0.3489157921932242,529,4846,2614,371,-0.21181756529764284,-0.24962119020915982,-0.11886258639546719,True,False,False,False,True,False,False,False,True,False,False,False,False,False,False,False,False,False,False,True,False,False,False,False,False,False,False,False,False,True,False,False,False,False,False,False,False,False,False,False,False,False,False,True
1.1064618574390017,0.7760486223819515,1183,32021,19712,1101,0.40255734520422176,1.3610379351012147,0.7288103752203847,True,False,False,False,True,False,False,False,True,False,False,False,False,False,False,False,False,False,True,False,False,False,False,False,False,False,False,False,False,False,False,False,True,False,False,False,False,False,False,False,False,False,False,False
-0.43451643978865373,-0.24017939439779168,607,4935,2644,432,-0.02277913129706914,-0.11952949162639878,0.16369506747648344,True,False,False,False,True,False,False,False,True,False,False,False,False,False,False,False,False,False,True,False,False,False,False,False,True,False,False,False,False,False,False,False,False,False,False,False,False,False,False,False,False,False,False,True
0.3232955564713816,0.13074383172681459,918,11280,6664,536,0.5915957792047954,0.06631579206325984,0.11660212516449167,True,False,False,False,True,False,False,False,True,False,False,False,False,False,False,False,False,True,False,False,False,False,False,False,False,False,False,False,False,False,False,False,True,False,False,False,False,False,False,False,False,False,False,False
-0.4207828580720453,-0.23204957026355372,626,4911,2528,367,-0.3063367822979297,-0.21864697626088336,-0.024676701771483647,True,False,False,False,True,False,False,False,True,False,False,False,False,False,False,False,False,True,False,False,False,False,False,False,False,True,False,False,False,False,False,False,False,False,False,False,False,False,False,False,False,False,False,False
-0.4923559474028316,-0.3600943003778014,528,3601,1992,306,-0.35359639079807315,-0.3951999957660591,-0.40142024026741785,True,False,False,False,True,False,False,False,True,False,False,False,False,False,False,False,True,False,False,False,False,False,False,False,False,False,False,False,False,False,False,False,True,False,False,False,False,False,False,False,False,False,False,False
-0.47888647302692716,-0.3296074598744091,560,4114,2098,341,-0.35359639079807315,-0.35183609623847206,-0.16595552870745897,True,False,False,False,True,False,False,False,True,False,False,False,False,False,False,False,True,False,False,False,False,False,False,False,False,False,False,False,False,False,False,False,False,False,False,False,False,False,False,False,False,False,False,False
-0.16512695227056498,0.7272696775765238,1599,15382,8980,1613,-0.2590771737977863,-0.37971288879192083,-0.40142024026741785,False,True,False,True,False,False,False,False,True,False,False,False,False,False,False,False,False,False,False,False,False,False,True,False,False,False,False,False,False,False,False,False,False,False,False,False,False,False,False,False,False,False,False,False
-0.4047603460693354,-0.24627676249847014,594,4664,2690,390,-0.3063367822979297,-0.11023722744191584,0.2343344809444711,True,False,False,True,False,False,False,False,True,False,False,False,False,False,False,False,False,False,False,False,False,True,True,False,False,False,False,False,False,False,False,False,False,False,False,False,False,False,False,False,False,False,False,False
-0.48997898133649553,-0.4007434210489911,479,3353,1943,305,-0.2590771737977863,-0.3270567250798509,-0.4249667114234137,True,False,False,False,True,False,False,False,True,False,False,False,False,False,False,False,False,False,False,False,True,False,False,False,False,False,False,False,False,False,False,False,False,False,True,False,False,False,False,False,False,False,False,False
-0.48821826573180216,-0.39058114088119367,485,3382,1853,323,-0.16455795679749943,-0.3053747753160574,-0.26014141333144253,True,False,False,False,True,False,False,False,True,False,False,False,False,False,False,False,False,False,False,False,True,False,False,False,False,False,True,False,False,False,False,False,False,False,False,False,False,False,False,False,False,False,False,False
-0.32764100258376494,-0.09892370006540738,706,6279,3612,505,0.8278938217055126,0.20569975483050382,0.3991597790364423,True,False,False,False,True,False,False,False,True,False,False,False,False,False,False,False,False,False,False,True,False,False,False,False,False,False,False,False,False,False,True,False,False,False,False,False,False,False,False,False,False,False,False,True
0.182790451216849,0.14395479594495125,875,26514,14728,701,0.8278938217055126,0.40083730270464535,0.7288103752203847,True,False,False,False,False,False,False,False,True,False,False,False,False,False,False,False,False,False,True,False,False,False,False,False,False,False,False,False,False,False,True,False,False,False,False,False,False,False,False,False,False,False,False,False
-0.3912028359131963,-0.24526053448169038,569,5904,3322,488,-0.07003873979721256,0.10658227019601921,0.21078800978847523,True,False,False,False,True,False,False,False,True,False,False,False,False,False,False,False,False,False,True,False,False,False,False,False,True,False,False,False,False,False,False,False,False,False,False,False,False,False,False,False,False,False,False,False
-0.4567014564077905,-0.4576521899886567,415,4249,2352,322,-0.2590771737977863,-0.2558160329988151,-0.23659494217544663,True,False,False,False,True,False,False,False,True,False,False,False,False,False,False,False,False,True,False,False,False,False,False,False,False,False,False,False,False,False,False,True,False,False,False,False,False,False,False,False,False,False,False,False
-0.3283452888256423,-0.18936799355880451,625,7910,4136,512,-0.117298348297356,0.05082868508912162,0.14014859632048757,True,False,False,True,False,False,False,False,True,False,False,False,False,False,False,False,True,False,False,False,False,False,False,False,False,False,False,False,False,False,False,True,False,False,False,False,False,False,False,False,False,False,False,False
-0.41576481859866915,-0.4363114016362821,432,5493,3106,340,-0.07003873979721256,-0.23723150462984924,0.04596271169650401,True,False,False,False,True,False,False,False,True,False,False,False,False,False,False,False,False,False,False,False,False,False,False,False,False,False,False,False,False,False,False,False,False,True,False,False,False,False,False,False,False,False,False,True
-0.06001223067036955,-0.5856969201029043,322,16914,11008,289,-0.21181756529764284,-0.40758968134536966,-0.30723435564343426,False,False,False,False,False,False,False,False,True,False,False,False,False,False,False,False,False,False,False,False,False,False,True,False,False,False,False,False,False,False,False,False,False,False,False,False,False,False,False,False,False,False,False,False
-0.41999053604993325,-0.32147763574017113,509,5681,3216,469,-0.21181756529764284,-0.06687332791432883,-0.16595552870745897,True,False,False,False,True,False,False,False,True,False,False,False,False,False,False,False,False,False,False,False,False,True,False,False,False,False,False,False,False,False,False,False,False,True,False,False,False,False,False,False,False,False,False,True
1.102940426229615,1.4000126246847138,1702,57722,34368,1978,1.3950091237072337,1.9929118996460542,1.482297452212253,True,False,False,False,True,False,False,False,True,False,False,False,False,False,False,False,False,False,False,False,False,True,True,False,False,False,False,False,False,False,False,False,False,False,False,False,False,False,False,False,False,False,False,False
-0.473604326212847,-0.5369179752974766,356,3586,2148,271,-0.3063367822979297,-0.3704206246074379,-0.33078082679943016,True,False,False,False,True,False,False,False,True,False,False,False,False,False,False,False,False,False,False,False,True,False,False,False,False,False,False,False,False,False,False,False,False,True,False,False,False,False,False,False,False,False,False,False
-0.42113500119298397,-0.3519644762435634,484,5156,2752,403,0.213518911203648,-0.06997074930915648,-0.09531611523947131,True,False,False,False,True,False,False,False,True,False,False,False,False,False,False,False,False,False,False,False,True,False,False,False,False,False,False,False,True,False,False,False,False,False,False,False,False,False,False,False,False,False,False,True
2.991131840702807,2.1134046924640937,1637,52477,27392,1756,1.773085991708381,4.526602600615067,2.235784529204121,True,False,False,False,True,False,False,False,True,False,False,False,False,False,False,False,False,False,False,True,False,False,False,False,False,False,False,False,False,False,False,False,False,True,False,False,False,False,False,False,False,False,False,False
-0.359862098149654,-0.2483092185320296,587,6890,3714,475,-0.21181756529764284,-0.06997074930915648,0.11660212516449167,True,False,False,True,False,False,False,False,True,False,False,False,False,False,False,False,False,False,False,True,False,False,False,False,False,False,False,False,False,True,False,False,False,False,False,False,False,False,False,False,False,False,False,False
-0.37033835599757964,-0.2777798310186422,555,6549,3716,476,-0.16455795679749943,-0.0358991139660524,0.14014859632048757,True,False,False,False,True,False,False,False,True,False,False,False,False,False,False,False,False,False,True,False,False,False,False,False,False,False,False,False,False,False,False,False,False,True,False,False,False,False,False,False,False,False,False,True
0.43703778453457465,0.7933244986672071,1570,37816,21352,1578,-0.07003873979721256,0.10038742740636392,0.28142742325646286,False,True,False,False,False,False,False,False,True,False,False,False,False,False,False,False,False,False,True,False,False,False,False,True,False,False,False,False,False,False,False,False,False,False,False,False,False,False,False,False,False,False,False,True
0.20462332471504707,0.08602979898850589,676,15973,10584,676,-0.16455795679749943,0.6888974924236162,-0.04822317292747953,True,False,False,False,True,False,False,False,True,False,False,False,False,False,False,False,False,True,False,False,False,False,False,False,False,False,False,True,False,False,False,False,False,False,False,False,False,False,False,False,False,False,False,False
-0.43011465077692024,-0.37432149261271774,495,4908,2754,398,-0.2590771737977863,-0.24652376881433216,-0.21304847101945074,True,False,False,True,False,False,False,False,True,False,False,False,False,False,False,False,True,False,False,False,False,False,False,False,False,False,False,False,False,False,False,False,False,False,True,False,False,False,False,False,False,False,False,False
-0.3958687322656338,-0.3001368473877965,561,5768,2812,411,0.213518911203648,-0.12262691302122643,0.25788095210046696,True,False,False,False,False,False,False,False,True,False,False,False,False,False,False,False,True,False,False,False,False,False,False,False,False,False,False,False,True,False,False,False,False,False,False,False,False,False,False,False,False,False,False,False
-0.4270333984687068,-0.36415921244492033,481,6173,3298,428,-0.21181756529764284,-0.09165269907294998,-0.26014141333144253,True,False,False,False,True,False,False,False,True,False,False,False,False,False,False,False,False,False,False,False,False,False,False,False,False,False,False,False,False,False,False,False,False,True,False,False,False,False,False,False,False,False,False,False
-0.34894566140055494,-0.23509825431389295,544,7055,4046,487,-0.2590771737977863,0.27694044691153963,0.30497389441245876,True,False,False,True,False,False,False,False,True,False,False,False,False,False,False,False,False,False,False,False,False,False,False,True,False,False,False,False,False,False,False,False,False,False,False,False,False,False,False,False,False,False,False,False
-0.3828394367909027,-0.36111052839458113,492,6461,3708,414,-0.3063367822979297,-0.10404238465226057,0.04596271169650401,True,False,False,True,False,False,False,False,True,False,False,False,False,False,False,False,False,False,False,False,False,True,False,False,False,False,False,False,False,False,False,False,False,False,True,False,False,False,False,False,False,False,False,False
-0.3045756281622815,-0.14262150478693633,631,8188,4776,570,0.8278938217055126,0.24286881156843554,0.6346244905964011,True,False,False,False,True,False,False,False,True,False,False,False,False,False,False,False,False,False,False,False,False,True,True,False,False,False,False,False,False,False,False,False,False,False,False,False,False,False,False,False,False,False,False,False
-0.3478892320377389,-0.3489157921932242,539,7886,4454,429,-0.21181756529764284,-0.3270567250798509,-0.07176964408347541,True,False,False,False,False,False,False,False,True,False,False,False,False,False,False,False,False,False,False,False,True,False,False,False,False,False,False,False,False,True,False,False,False,False,False,False,False,False,False,False,False,False,False,False
-0.46532896287078807,-0.4647657861061149,406,4347,2330,341,-0.35359639079807315,-0.2805954041574362,-0.21304847101945074,True,False,False,False,True,False,False,False,True,False,False,False,False,False,False,False,False,False,False,False,True,False,False,True,False,False,False,False,False,False,False,False,False,False,False,False,False,False,False,False,False,False,False,False
-0.20562341117851296,-0.012544318639129201,861,12996,7200,843,-0.3063367822979297,-0.1505037055746752,0.21078800978847523,False,True,False,True,False,False,False,False,True,False,False,False,False,False,False,False,False,False,False,True,False,False,False,False,False,False,False,True,False,False,False,False,False,False,False,False,False,False,False,False,False,False,False,False
-0.38257532945019873,-0.18733553752524504,642,6258,3608,597,-0.3063367822979297,0.004367364166706967,0.06950918285249989,True,False,False,False,True,False,False,True,False,False,False,False,False,False,False,False,False,False,True,False,False,False,False,False,False,False,False,False,False,False,False,False,False,False,False,True,False,False,False,False,False,False,False,True
0.45605351306526326,0.6896692409556733,1485,48466,21928,1392,0.07174008570321772,0.05082868508912162,0.14014859632048757,True,False,False,False,False,False,False,True,False,False,False,False,False,False,False,False,False,True,False,False,False,False,False,False,False,False,False,False,False,False,False,False,False,True,False,False,False,False,False,False,False,False,False,False
-0.4236000030395547,-0.30115307540457625,555,4632,2530,497,-0.3063367822979297,-0.16599081254881343,0.11660212516449167,True,False,False,False,True,False,False,True,False,False,False,False,False,False,False,False,False,True,False,False,False,False,False,False,False,False,False,False,True,False,False,False,False,False,False,False,False,False,False,False,False,False,False,False
-0.31742885207654326,-0.01559300268946843,742,8391,4692,737,-0.16455795679749943,0.3915450385201624,0.46979919250443,True,False,False,False,True,False,False,True,False,False,False,False,False,False,False,False,True,False,False,False,False,False,False,False,False,False,False,False,False,False,False,False,False,True,False,False,False,False,False,False,False,False,False,False
-0.3657604954253768,-0.1842868534749058,670,5732,3256,555,0.213518911203648,-0.12262691302122643,0.28142742325646286,True,False,False,False,True,False,False,True,False,False,False,False,False,False,False,False,True,False,False,False,False,False,True,False,False,False,False,False,False,False,False,False,False,False,False,False,False,False,False,False,False,False,False,True
-0.1130097703716406,-0.34281842409254576,547,13876,10160,484,-0.16455795679749943,-0.42307678831950785,-0.4249667114234137,True,False,False,False,False,False,False,True,False,False,False,False,False,False,False,False,False,False,False,False,False,False,True,False,False,False,False,False,False,False,False,False,False,False,False,False,False,False,False,False,False,False,False,False
-0.3662887101067849,-0.21578992199507785,620,6315,3422,557,-0.2590771737977863,-0.04519137815053533,0.18724153863247933,True,False,False,True,False,False,False,True,False,False,False,False,False,False,False,False,False,False,False,False,False,True,False,True,False,False,False,False,False,False,False,False,False,False,False,False,False,False,False,False,False,False,False,True
0.6359986478649278,0.5646731948917649,1242,47899,24512,1185,1.773085991708381,0.7105794421874098,1.1526468560283105,True,False,False,False,False,False,False,True,False,False,False,False,False,False,False,False,False,False,False,False,True,False,False,False,False,False,False,False,False,False,False,False,False,False,True,False,False,False,False,False,False,False,False,False
0.1764518750399528,1.8593476882691578,2567,21009,11408,2256,0.44981695370436514,0.8344762979805154,2.2593310003601172,False,True,False,True,False,False,False,True,False,False,False,False,False,False,False,False,False,False,False,False,True,False,False,True,False,False,False,False,False,False,False,False,False,False,False,False,False,False,False,False,False,False,False,True
0.9444760218072098,-0.590778060186803,325,9105,5472,156,-0.02277913129706914,-0.43236905250399077,-0.37787376911142195,False,False,False,False,False,False,False,True,False,False,False,False,False,False,False,False,False,False,False,True,False,False,False,False,False,False,False,True,False,False,False,False,False,False,False,False,False,False,False,False,False,False,False,True
-0.2121380589158785,0.04233199426697693,916,11853,7024,758,-0.2590771737977863,-0.2620108757884704,-0.024676701771483647,True,False,False,False,False,False,False,True,False,False,False,False,False,False,False,False,False,False,False,True,False,False,False,False,False,True,False,False,False,False,False,False,False,False,False,False,False,False,False,False,False,False,False,False
-0.30915348873448434,-0.25339035861592835,639,9389,5232,556,-0.35359639079807315,-0.36732320321261025,-0.26014141333144253,True,False,False,False,False,False,False,True,False,False,False,False,False,False,False,False,False,False,True,False,False,False,False,False,False,False,False,False,False,False,False,False,True,False,False,False,False,False,False,False,False,False,False,True
-0.04751114987704648,-0.09181010394794917,623,15678,10968,705,-0.35359639079807315,0.33579145341326483,0.06950918285249989,True,False,False,False,True,False,False,True,False,False,False,False,False,False,False,False,False,False,True,False,False,False,False,False,False,False,False,True,False,False,False,False,False,False,False,False,False,False,False,False,False,False,False,True
-0.3216545695278074,-0.36212675641136083,526,8242,5352,456,-0.35359639079807315,-0.34564125344881674,-0.33078082679943016,True,False,False,False,True,False,False,True,False,False,False,False,False,False,False,False,False,True,False,False,False,False,False,False,False,False,False,True,False,False,False,False,False,False,False,False,False,False,False,False,False,False,False,False
-0.2822145399826754,-0.08368027981371122,713,8452,5024,670,0.024480477203074284,0.18092038367188265,0.5639850771284135,True,False,False,False,True,False,False,True,False,False,False,False,False,False,False,False,True,False,False,False,False,False,False,False,False,False,False,False,False,False,False,False,False,True,False,False,False,False,False,False,False,False,False,True
1.3374677447747745,0.29943768251225195,1105,22130,14224,814,-0.2590771737977863,-0.07926301349363941,-0.37787376911142195,True,False,False,False,False,False,False,True,False,False,False,False,False,False,False,False,True,False,False,False,False,False,False,False,False,False,True,False,False,False,False,False,False,False,False,False,False,False,False,False,False,False,False,True
4.037701196132558,3.113373060975361,2254,48575,27328,1936,2.0566436427092416,5.638576881358191,2.3770633561400967,True,False,False,False,True,False,False,True,False,False,False,False,False,False,False,False,False,False,False,False,False,False,False,False,False,False,False,False,False,False,False,False,False,False,True,False,False,False,False,False,False,False,False,True
5.025110507244612,0.6286955599488887,1408,84046,32384,985,0.024480477203074284,0.026049313930500473,-0.21304847101945074,True,False,False,False,False,False,False,True,False,False,False,False,False,False,False,False,False,False,False,False,False,True,False,False,False,False,False,False,False,False,False,False,False,False,True,False,False,False,False,False,False,False,False,False
-0.34815333937844295,0.044364450300536415,838,6896,3998,683,0.16625930270350456,0.17782296227705502,0.16369506747648344,True,False,False,False,True,False,False,True,False,False,False,False,False,False,False,False,False,False,False,False,True,False,False,False,False,False,False,False,False,False,False,False,False,False,False,False,False,False,False,False,True,False,False,False
-0.34031815493755735,-0.2056276418272804,684,7692,4234,508,-0.3063367822979297,-0.35183609623847206,-0.11886258639546719,True,False,False,False,False,False,False,True,False,False,False,False,False,False,False,False,False,False,False,False,True,False,False,False,False,False,False,False,False,False,False,False,False,True,False,False,False,False,False,False,False,False,False,False
-0.3925233726167164,-0.262536410766946,614,5685,3230,469,-0.2590771737977863,-0.26510829718329804,0.022416240540508125,True,False,False,False,True,False,False,True,False,False,False,False,False,False,False,False,False,False,False,False,True,False,False,True,False,False,False,False,False,False,False,False,False,False,False,False,False,False,False,False,False,False,False,False
-0.3184852814393593,-0.2554228146494878,642,7956,4696,492,-0.21181756529764284,-0.38590773158157615,-0.33078082679943016,True,False,False,False,False,False,False,True,False,False,False,False,False,False,False,False,False,False,False,True,False,False,False,False,False,False,False,False,False,False,False,False,False,True,False,False,False,False,False,False,False,False,False,False
-0.37878979090010795,-0.26761755085084477,575,5640,3206,471,-0.117298348297356,-0.11643207023157114,0.25788095210046696,True,False,False,False,True,False,False,True,False,False,False,False,False,False,False,False,False,False,False,True,False,False,False,False,False,False,False,True,False,False,False,False,False,False,False,False,False,False,False,False,False,False,False,True
0.928981724485908,-0.3042017594549155,597,8149,4864,389,-0.35359639079807315,-0.40139483855571434,-0.4485131825794096,True,False,False,False,False,False,False,True,False,False,False,False,False,False,False,False,False,False,True,False,False,False,False,True,False,False,False,False,False,False,False,False,False,False,False,False,False,False,False,False,False,False,False,False
-0.3742119303279051,-0.22391974612931578,633,6733,3992,514,-0.35359639079807315,-0.20315986928674515,-0.30723435564343426,True,False,False,False,False,False,False,True,False,False,False,False,False,False,False,False,False,True,False,False,False,False,False,False,False,False,False,False,False,False,False,False,False,True,False,False,False,False,False,False,False,False,False,True
-0.17709981838248004,-0.4027758770825506,497,7072,4732,382,-0.35359639079807315,-0.4416613166884737,-0.5191525960473973,True,False,False,False,False,False,False,True,False,False,False,False,False,False,False,False,False,True,False,False,False,False,False,False,False,False,False,False,True,False,False,False,False,False,False,False,False,False,False,False,False,False,False,False
-0.4652409270905534,-0.341802196075766,565,4954,2604,440,-0.16455795679749943,-0.43546647389881843,-0.5662455383593891,True,False,False,False,False,False,False,True,False,False,False,False,False,False,False,False,True,False,False,False,False,False,False,False,False,False,False,False,False,False,False,False,False,True,False,False,False,False,False,False,False,False,False,False
-0.4742205766744897,-0.4048083331161101,495,3821,2112,385,-0.35359639079807315,-0.40139483855571434,-0.30723435564343426,True,False,False,False,True,False,False,True,False,False,False,False,False,False,False,False,True,False,False,False,False,False,True,False,False,False,False,False,False,False,False,False,False,False,False,False,False,False,False,False,False,False,False,True
0.8057316321573706,1.0290893985601075,1367,43980,24720,1568,-0.07003873979721256,1.8225537229305337,1.9296804041761748,True,False,False,True,False,False,False,True,False,False,False,False,False,False,False,False,False,False,False,False,False,False,False,False,False,False,False,False,False,False,False,False,False,True,False,False,False,False,False,False,False,False,False,True
0.3088576885128958,-0.21883860604541708,642,13546,9768,538,-0.3063367822979297,-0.25271861160398745,-0.21304847101945074,True,False,False,False,False,False,False,True,False,False,False,False,False,False,False,False,False,False,False,False,False,False,True,False,False,False,False,False,False,False,False,False,False,False,False,False,False,False,False,False,False,False,False,False
-0.44103108752601927,-0.40887324518322904,483,4747,2686,392,-0.3063367822979297,-0.37351804600226557,-0.33078082679943016,True,False,False,False,True,False,False,True,False,False,False,False,False,False,False,False,False,False,False,False,False,True,False,False,False,False,False,False,False,False,False,False,False,False,True,False,False,False,False,False,False,False,False,False
-0.4253607186442481,-0.32452631979051033,542,5026,2868,461,-0.21181756529764284,-0.19696502649708986,-0.14240905755146308,True,False,False,False,True,False,False,True,False,False,False,False,False,False,False,False,False,False,False,False,False,True,False,False,False,False,False,False,False,False,False,False,False,True,False,False,False,False,False,False,False,False,False,False
-0.4559971701659131,-0.41801929733424675,482,5011,2746,387,-0.3063367822979297,-0.3921025743712314,-0.4956061248914014,True,False,False,False,False,False,False,True,False,False,False,False,False,False,False,False,False,False,False,False,True,False,False,False,False,False,False,False,False,True,False,False,False,False,False,False,False,False,False,False,False,False,False,False
-0.4673537858161855,-0.42310043741814546,458,4010,2162,376,-0.3063367822979297,-0.2805954041574362,-0.0011302306154877617,True,False,False,False,True,False,False,True,False,False,False,False,False,False,False,False,False,False,False,False,True,False,False,True,False,False,False,False,False,False,False,False,False,False,False,False,False,False,False,False,False,False,False,True
2.529120066031261,0.8776714240599258,1732,47977,25888,1103,-0.117298348297356,-0.2991799325264021,-0.37787376911142195,True,False,False,False,False,False,False,True,False,False,False,False,False,False,False,False,False,False,False,True,False,False,False,False,False,False,False,False,False,True,False,False,False,False,False,False,False,False,False,False,False,False,False,False
-0.4436721609330594,-0.25847149869982705,627,4447,2604,462,-0.3063367822979297,-0.33015414647467856,-0.21304847101945074,True,False,False,False,True,False,False,True,False,False,False,False,False,False,False,False,False,False,False,True,False,False,False,True,False,False,False,False,False,False,False,False,False,False,False,False,False,False,False,False,False,False,False,False
-0.3320427915954984,-0.20867632587761964,631,6661,3864,505,0.07174008570321772,-0.042093956755707686,0.5875315482844093,True,False,False,False,True,False,False,True,False,False,False,False,False,False,False,False,False,False,True,False,False,False,False,False,False,False,False,False,False,False,False,False,False,True,False,False,False,False,False,False,False,False,False,False
-0.4485141288459662,-0.3895649128644139,481,4441,2512,395,-0.117298348297356,-0.2682057185781257,-0.024676701771483647,True,False,False,False,True,False,False,True,False,False,False,False,False,False,False,False,False,False,True,False,False,False,False,False,False,True,False,False,False,False,False,False,False,False,False,False,False,False,False,False,False,False,False,True
1.42127780755818,0.4508556570124337,1096,32842,16960,762,0.07174008570321772,0.46898057339085353,0.25788095210046696,True,False,False,False,False,False,False,True,False,False,False,False,False,False,False,False,False,True,False,False,False,False,False,False,False,False,False,False,False,False,False,False,False,True,False,False,False,False,False,False,False,False,False,True
1.1297033034209545,-0.1822543974413463,652,22022,16096,519,-0.16455795679749943,-0.15360112696950287,-0.23659494217544663,True,False,False,False,False,False,False,True,False,False,False,False,False,False,False,False,False,True,False,False,False,False,False,False,True,False,False,False,False,False,False,False,False,False,False,False,False,False,False,False,False,False,False,True
2.5094000512586954,0.4610179371802311,1106,42338,27232,788,-0.3063367822979297,0.6238516431322357,0.30497389441245876,False,False,False,False,False,False,False,True,False,False,False,False,False,False,False,False,True,False,False,False,False,False,False,False,False,False,True,False,False,False,False,False,False,False,False,False,False,False,False,False,False,False,False,False
-0.41162713692763964,-0.45663596197187695,444,4440,2664,316,-0.3063367822979297,-0.38900515297640376,-0.07176964408347541,True,False,False,False,True,False,False,True,False,False,False,False,False,False,False,False,False,False,False,False,False,False,False,True,False,False,False,False,False,False,False,False,False,False,False,False,False,False,False,False,False,False,False,False
-0.4187580351266479,-0.4434249977537403,453,4607,2862,347,-0.3063367822979297,-0.3549335176332997,-0.024676701771483647,True,False,False,False,True,False,False,True,False,False,False,False,False,False,False,False,False,False,False,False,False,True,False,False,False,False,False,False,False,False,True,False,False,False,False,False,False,False,False,False,False,False,False,False
-0.40203123688206066,-0.43326271758594287,455,5040,3114,344,-0.2590771737977863,-0.24962119020915982,-0.04822317292747953,True,False,False,False,True,False,False,True,False,False,False,False,False,False,False,False,False,False,False,False,False,True,False,True,False,False,False,False,False,False,False,False,False,False,False,False,False,False,False,False,False,False,False,False
-0.48126343909326325,-0.5074473628108641,390,3346,2044,301,-0.2590771737977863,-0.37661546739709323,-0.4249667114234137,True,False,False,False,True,False,False,True,False,False,False,False,False,False,False,False,False,False,False,False,True,False,False,False,False,False,False,False,False,True,False,False,False,False,False,False,False,False,False,False,False,False,False,True
0.8930631261501628,-0.5917942882035828,322,22907,16464,230,-0.3063367822979297,-0.4385638952936461,-0.4720596537354055,False,False,False,False,False,False,False,True,False,False,False,False,False,False,False,False,False,False,False,False,True,False,False,False,True,False,False,False,False,False,False,False,False,False,False,False,False,False,False,False,False,False,False,False
-0.3786137193396386,-0.30115307540457625,566,6021,3606,441,-0.16455795679749943,-0.12262691302122643,-0.024676701771483647,True,False,False,True,False,False,False,True,False,False,False,False,False,False,False,False,False,False,False,True,False,False,False,False,False,False,False,False,False,False,False,False,False,True,False,False,False,False,False,False,False,False,False,False
-0.3672571036893662,-0.2828609711025409,586,6600,3916,463,-0.02277913129706914,-0.11023722744191584,-0.07176964408347541,True,False,False,True,False,False,False,True,False,False,False,False,False,False,False,False,False,False,False,True,False,False,False,True,False,False,False,False,False,False,False,False,False,False,False,False,False,False,False,False,False,False,False,False
-0.41805374888477054,-0.4505385938711985,433,4550,2830,335,-0.3063367822979297,-0.317764460895368,-0.2836878844874384,True,False,False,False,True,False,False,True,False,False,False,False,False,False,False,False,False,False,True,False,False,False,False,False,False,False,False,False,False,False,False,False,False,True,False,False,False,False,False,False,False,False,False,False
-0.3791419340210466,-0.31334781160593317,570,6032,3794,454,-0.3063367822979297,-0.27440056136778096,-0.30723435564343426,True,False,False,False,False,False,False,True,False,False,False,False,False,False,False,False,False,False,True,False,False,False,False,True,False,False,False,False,False,False,False,False,False,False,False,False,False,False,False,False,False,False,False,True
-0.44930645086807824,-0.4098894732000088,474,4166,2650,391,-0.2590771737977863,-0.3549335176332997,-0.26014141333144253,True,False,False,False,False,False,True,False,False,False,False,False,False,False,False,False,False,False,False,True,False,False,False,False,False,False,False,False,False,False,False,False,False,False,True,False,False,False,False,False,False,False,False,True
-0.34656869533421886,-0.18835176554202476,659,6956,4418,572,-0.21181756529764284,-0.004924900017775964,0.04596271169650401,True,False,False,False,False,False,True,False,False,False,False,False,False,False,False,False,False,False,True,False,False,False,False,False,False,False,False,False,False,False,False,False,False,False,True,False,False,False,False,False,False,False,False,True
1.5726993495618116,0.7445455538617795,1480,1107833,48368,1513,-0.02277913129706914,0.15304359111843385,-0.2836878844874384,True,False,False,False,False,False,True,False,False,False,False,False,False,False,False,False,False,False,True,False,False,False,False,False,False,False,False,True,False,False,False,False,False,False,False,False,False,False,False,False,False,False,False,False
-0.21055341487165444,0.031153486082399755,937,13246,8004,924,-0.21181756529764284,-0.4726355306367502,-0.4956061248914014,False,True,False,False,False,False,True,False,False,False,False,False,False,False,False,False,False,True,False,False,False,False,False,False,False,False,False,False,False,False,False,False,False,False,False,True,False,False,False,False,False,False,False,False
-0.5295070466618622,-0.9098736574556424,25,1483,1062,15,-0.35359639079807315,-0.5500710655074412,-0.6368849518273767,True,False,False,False,False,False,True,False,False,False,False,False,False,False,False,False,False,True,False,False,False,False,False,False,False,False,False,False,False,False,True,False,False,False,False,False,False,False,False,False,False,False,False,False
-0.4305548296780936,-0.4617171020557757,455,5827,3302,361,-0.3063367822979297,-0.46644068784709486,-0.37787376911142195,True,False,False,False,False,False,True,False,False,False,False,False,False,False,False,False,False,True,False,False,False,False,False,False,False,False,False,False,False,False,True,False,False,False,False,False,False,False,False,False,False,False,False,False
-0.3883856909456869,-0.40379210509933033,505,6630,3892,403,-0.35359639079807315,-0.42927163110916317,-0.30723435564343426,True,False,False,False,False,False,True,False,False,False,False,False,False,False,False,False,False,True,False,False,False,False,False,False,True,False,False,False,False,False,False,False,False,False,False,False,False,False,False,False,False,False,False,False
-0.4329317957444297,-0.38854868484763416,513,5914,3198,402,-0.35359639079807315,-0.361128360422955,-0.33078082679943016,True,False,False,False,False,False,True,False,False,False,False,False,False,False,False,False,True,False,False,False,False,False,False,False,False,False,False,False,False,False,False,False,True,False,False,False,False,False,False,False,False,False,False,False
-0.4679700362778282,-0.4647657861061149,446,5079,2644,357,-0.35359639079807315,-0.45095358087295667,-0.4720596537354055,True,False,False,False,False,False,True,False,False,False,False,False,False,False,False,False,True,False,False,False,False,False,False,True,False,False,False,False,False,False,False,False,False,False,False,False,False,False,False,False,False,False,False,False
-0.6015203148938219,-0.7899587514756328,142,567,236,99,-0.35359639079807315,-0.5438762227177859,-0.6368849518273767,True,False,False,False,False,False,True,False,False,False,False,False,False,False,False,False,False,False,False,False,False,False,False,False,False,False,False,False,False,False,False,False,False,False,False,False,False,False,False,True,False,False,False,False
-0.46418449772773734,-0.38550000079729496,507,4650,2800,344,0.024480477203074284,-0.2124521334712281,-0.5662455383593891,True,False,False,False,False,False,True,False,False,False,False,False,False,False,False,False,False,False,False,False,False,False,False,False,False,False,False,False,False,False,False,False,False,False,False,False,False,False,True,False,False,False,False,False
-0.330282075990805,-0.18835176554202476,726,10987,5916,628,-0.35359639079807315,-0.45095358087295667,-0.4956061248914014,True,False,False,False,False,False,True,False,False,False,False,False,False,False,False,False,False,False,False,False,False,False,False,False,False,False,False,False,False,False,False,False,False,False,False,False,False,False,True,False,False,False,False,False
-0.3093295602949537,-0.6487030571432484,245,9403,5752,259,-0.2590771737977863,-0.3394464106591615,-0.2836878844874384,False,False,False,False,True,False,True,False,False,False,False,False,False,False,False,False,False,False,False,False,False,False,False,True,False,False,False,False,False,False,False,False,False,False,False,False,False,False,False,False,False,False,False,False
-0.5947855777058696,-0.8021534876769897,130,723,380,93,-0.35359639079807315,-0.5314865371384754,-0.6133384806713809,True,False,False,False,False,False,True,False,False,False,False,False,False,False,False,False,False,False,False,False,False,True,False,False,False,False,False,False,False,False,False,False,False,False,False,False,False,False,True,False,False,False,False,False
-0.13466657230936932,0.49658591776752214,1339,18310,8848,1086,-0.16455795679749943,0.10967969159084685,-0.33078082679943016,True,False,False,False,False,False,True,False,False,False,False,False,False,False,False,False,False,False,False,False,False,True,False,False,False,False,False,False,False,False,False,False,False,False,False,False,False,True,False,False,False,False,False,False
-0.3860967606595855,-0.5308206071967982,398,9065,5132,393,-0.35359639079807315,-0.5438762227177859,-0.6368849518273767,True,False,False,False,False,False,True,False,False,False,False,False,False,False,False,False,False,False,False,False,False,True,False,False,False,False,False,False,False,False,False,False,False,False,False,True,False,False,False,False,False,False,False,False
-0.4459610912191608,-0.788942523458853,144,6932,3758,140,-0.35359639079807315,-0.5407788013229583,-0.6368849518273767,True,False,False,False,False,False,True,False,False,False,False,False,False,False,False,False,False,False,False,False,False,True,False,False,False,False,False,False,False,False,False,False,False,False,False,True,False,False,False,False,False,False,False,False
-0.48289210102760466,-0.9108898854724221,23,3972,2012,19,-0.35359639079807315,-0.5314865371384754,-0.6368849518273767,False,False,False,False,False,False,True,False,False,False,False,False,False,False,False,False,False,False,False,False,False,True,False,False,False,False,False,False,False,False,False,False,False,False,True,False,False,False,False,False,False,False,False,False
-0.43178733060137897,-0.7259363864185089,203,7451,4088,200,-0.35359639079807315,-0.5376813799281307,-0.6368849518273767,True,False,False,False,False,False,True,False,False,False,False,False,False,False,False,False,False,False,False,False,False,True,False,False,False,False,False,False,False,False,False,False,True,False,False,False,False,False,False,False,False,False,False,False
-0.5921004864087122,-0.7462609467541038,184,721,450,114,-0.35359639079807315,-0.5376813799281307,-0.6133384806713809,True,False,False,False,False,False,True,False,False,False,False,False,False,False,False,False,False,False,False,False,True,False,False,False,False,False,False,False,False,False,False,False,False,False,False,False,False,True,False,False,False,False,False,False
-0.10931226760178449,0.4986183738010816,1342,16634,8032,865,0.213518911203648,0.10348484880119156,-0.30723435564343426,True,False,False,False,False,False,True,False,False,False,False,False,False,False,False,False,False,False,False,False,True,False,False,False,False,False,False,False,False,False,False,False,False,False,False,False,False,True,False,False,False,False,False,False
-0.36091852751247,-0.47594429429069207,450,9348,5388,361,-0.3063367822979297,-0.5036097445850266,-0.6133384806713809,True,False,False,False,False,False,True,False,False,False,False,False,False,False,False,False,False,False,False,False,True,False,False,False,False,False,False,False,False,False,False,False,False,False,False,True,False,False,False,False,False,False,False,False
-0.2954199070178759,-0.33875351202542675,554,11519,6616,472,0.16625930270350456,-0.2558160329988151,-0.5426990672033931,True,False,False,False,False,False,True,False,False,False,False,False,False,False,False,False,False,False,False,False,True,False,False,False,False,False,False,False,False,False,False,False,False,False,False,True,False,False,False,False,False,False,False,False
-0.18924875605486444,0.1429385679281715,1037,13618,7984,705,0.40255734520422176,-0.1566985483643305,-0.6368849518273767,True,False,False,False,False,False,True,False,False,False,False,False,False,False,False,False,False,False,False,False,True,False,False,False,False,False,False,False,False,False,False,False,False,True,False,False,False,False,False,False,False,False,False,True
4.799738909843858,0.4600017091634514,1268,72846,13184,475,-0.35359639079807315,-0.1288217558108817,-0.33078082679943016,True,False,False,False,False,False,True,False,False,False,False,False,False,False,False,False,False,False,False,False,True,False,False,False,False,False,False,False,False,False,True,False,False,False,False,False,False,False,False,False,False,False,False,False
-0.3597740623694193,-0.8306078721468224,71,8964,4830,92,-0.2590771737977863,-0.45095358087295667,-0.2836878844874384,False,False,False,True,False,False,True,False,False,False,False,False,False,False,False,False,False,False,False,False,True,False,False,False,False,False,True,False,False,False,False,False,False,False,False,False,False,False,False,False,False,False,False,False
-0.3963969469470418,-0.36619166847847984,528,6380,3730,363,-0.3063367822979297,-0.3146670395005403,-0.4249667114234137,True,False,False,False,False,False,True,False,False,False,False,False,False,False,False,False,False,False,False,False,True,False,False,True,False,False,False,False,False,False,False,False,False,False,False,False,False,False,False,False,False,False,False,False
-0.43073090123856295,-0.38041886071339626,526,6423,3466,379,-0.3063367822979297,-0.4633432664522672,-0.4720596537354055,True,False,False,False,False,False,True,False,False,False,False,False,False,False,False,False,False,False,False,True,False,False,False,False,False,False,False,False,False,False,True,False,False,False,False,False,False,False,False,False,False,False,False,False
-0.5307835654752648,-0.9261333057241183,9,1614,1008,9,-0.35359639079807315,-0.5500710655074412,-0.6368849518273767,True,False,False,False,False,False,True,False,False,False,False,False,False,False,False,False,False,False,False,True,False,False,False,False,True,False,False,False,False,False,False,False,False,False,False,False,False,False,False,False,False,False,False,True
0.9057402785039552,0.6815394168214354,1156,184270,30720,1292,0.11899969420336114,1.5066167406581141,1.6471227503042243,True,False,False,False,True,False,True,False,False,False,False,False,False,False,False,False,False,False,True,False,False,False,False,False,False,False,False,False,False,False,False,False,False,True,False,False,False,False,False,False,False,False,False,False
-0.3770290752954145,-0.33672105599186725,556,8146,3920,363,-0.3063367822979297,-0.3580309390281273,-0.40142024026741785,True,False,False,False,True,False,True,False,False,False,False,False,False,False,False,False,True,False,False,False,False,False,False,False,False,False,False,False,False,True,False,False,False,False,False,False,False,False,False,False,False,False,False,False
-0.37817354043846524,-0.3224938637569509,582,7034,3588,345,-0.35359639079807315,-0.40139483855571434,-0.16595552870745897,True,False,False,True,False,False,True,False,False,False,False,False,False,False,False,False,True,False,False,False,False,False,False,False,False,True,False,False,False,False,False,False,False,False,False,False,False,False,False,False,False,False,False,False
-0.4177896415440665,-0.2127412379447386,678,6937,3478,346,-0.3063367822979297,-0.37971288879192083,-0.4720596537354055,True,False,False,False,False,False,True,False,False,False,False,False,False,False,False,False,False,False,False,False,False,False,False,False,False,False,False,False,False,False,False,False,False,True,False,False,False,False,False,False,False,False,False,True
3.7376752570928047,10.702563890286482,11328,16682,10336,1356,0.11899969420336114,0.060120949273604556,-0.14240905755146308,True,False,False,False,False,False,True,False,False,False,False,False,False,False,False,False,False,False,False,False,False,False,True,False,False,False,False,False,False,False,False,False,False,False,False,False,False,False,False,False,False,False,False,True
-0.2941874060945905,1.450824025523701,2300,9837,5296,642,-0.07003873979721256,-0.2774979827626086,-0.07176964408347541,True,False,False,False,False,False,True,False,False,False,False,False,False,False,False,False,False,False,False,False,False,True,False,False,False,False,False,False,False,False,True,False,False,False,False,False,False,False,False,False,False,False,False,True
0.018339613738486332,0.9447424731673889,1819,9579,4664,413,-0.2590771737977863,-0.36732320321261025,-0.4956061248914014,True,False,False,False,False,False,True,False,False,False,False,False,False,False,False,False,False,False,False,False,False,True,False,False,False,True,False,False,False,False,False,False,False,False,False,False,False,False,False,False,False,False,False,True
0.5789514622728619,1.4010288527014936,2127,160270,25424,1146,-0.07003873979721256,0.17472554088222736,-0.024676701771483647,True,False,False,False,False,True,False,False,False,False,False,False,False,False,False,False,False,False,False,False,True,False,False,False,False,False,False,False,False,False,False,False,False,True,False,False,False,False,False,False,False,False,False,True
0.29160267558690056,0.9711644016036622,1800,14636,7632,656,-0.21181756529764284,-0.09165269907294998,-0.14240905755146308,True,False,False,False,False,True,False,False,False,False,False,False,False,False,False,False,False,False,False,False,True,False,False,False,False,False,True,False,False,False,False,False,False,False,False,False,False,False,False,False,False,False,False,False
-0.32957778974892765,0.4488232009788742,1313,9122,4716,497,-0.35359639079807315,-0.25271861160398745,0.04596271169650401,True,False,False,False,False,True,False,False,False,False,False,False,False,False,False,False,False,False,False,True,False,False,False,False,False,False,False,False,False,False,False,False,True,False,False,False,False,False,False,False,False,False,False,False
-0.35730906052284855,0.3217946988814063,1218,9103,4764,483,-0.16455795679749943,-0.3982974171608867,-0.2836878844874384,True,False,False,False,False,True,False,False,False,False,False,False,False,False,False,False,False,False,False,True,False,False,False,False,False,False,True,False,False,False,False,False,False,False,False,False,False,False,False,False,False,False,False,False
-0.35325941463205374,0.21509075711953327,1087,8471,4528,446,-0.21181756529764284,-0.24652376881433216,-0.0011302306154877617,True,False,False,False,True,True,False,False,False,False,False,False,False,False,False,False,False,False,True,False,False,False,False,False,False,False,False,False,False,False,False,False,True,False,False,False,False,False,False,False,False,False,False,False
-0.19259411570378188,0.4701639893312488,1288,11276,6260,630,0.30803812820393484,0.0632183706684322,1.0113680290923353,True,False,False,False,True,True,False,False,False,False,False,False,False,False,False,False,False,False,True,False,False,False,False,True,False,False,False,False,False,False,False,False,False,False,False,False,False,False,False,False,False,False,False,False
-0.237844506744402,0.17749032049868277,1029,9670,5640,465,-0.117298348297356,-0.05758106372984591,0.6110780194404053,True,False,False,False,True,True,False,False,False,False,False,False,False,False,False,False,False,True,False,False,False,False,False,False,False,False,False,False,False,False,False,False,False,True,False,False,False,False,False,False,False,False,False,False
-0.44490466185634475,0.029121030048840268,940,5249,2694,398,-0.3063367822979297,-0.4819277948212331,-0.4956061248914014,True,False,False,False,False,True,False,False,False,False,False,False,False,False,False,False,False,True,False,False,False,False,False,False,False,False,False,False,False,True,False,False,False,False,False,False,False,False,False,False,False,False,False,True
0.6261386404786448,1.3847692044330178,2190,9183,4560,621,-0.07003873979721256,-0.07306817070398412,-0.21304847101945074,True,False,False,False,False,True,False,False,False,False,False,False,False,False,False,False,False,True,False,False,False,False,False,False,False,False,True,False,False,False,False,False,False,False,False,False,False,False,False,False,False,False,False,False
-0.2938352629736518,0.3238271549149658,1189,9781,5348,606,-0.117298348297356,-0.15360112696950287,0.11660212516449167,True,False,False,False,True,True,False,False,False,False,False,False,False,False,False,False,True,False,False,False,False,False,False,False,False,False,False,False,False,False,False,False,False,True,False,False,False,False,False,False,False,False,False,False
-0.3791419340210466,0.13480874379393357,994,6285,3578,441,-0.2590771737977863,-0.1505037055746752,0.11660212516449167,True,False,False,True,False,True,False,False,False,False,False,False,False,False,False,False,True,False,False,False,False,False,False,True,False,False,False,False,False,False,False,False,False,False,False,False,False,False,False,False,False,False,False,True
1.8318766865726788,3.682460750372017,3586,648611,47488,3430,6.546306450222867,4.2385424108960965,3.6250263274078787,True,False,False,False,True,True,False,False,False,False,False,False,False,False,False,False,False,False,False,False,False,False,False,False,False,False,False,False,False,False,False,False,False,True,False,False,False,False,False,False,False,False,False,False
-0.3531713788518191,0.37667101178751244,1264,8536,4884,706,-0.117298348297356,-0.3053747753160574,-0.37787376911142195,True,False,False,False,False,True,False,False,False,False,False,False,False,False,False,False,False,False,False,False,False,False,False,False,True,False,False,False,False,False,False,False,False,False,False,False,False,False,False,False,False,False,False,False
-0.17005695596370646,0.516910478103117,1346,11744,6964,742,0.544336170704652,0.1127771129856745,1.1997397983403024,True,False,False,False,True,True,False,False,False,False,False,False,False,False,False,False,False,False,False,False,False,True,False,False,False,False,False,False,False,False,False,False,False,True,False,False,False,False,False,False,False,False,False,True
6.146334204313364,0.805519234868564,1633,8907,5696,593,0.024480477203074284,-0.135016598600537,0.16369506747648344,True,False,False,False,True,True,False,False,False,False,False,False,False,False,False,False,False,False,False,False,False,True,True,False,False,False,False,False,False,False,False,False,False,False,False,False,False,False,False,False,False,False,False,True
6.351985786941552,1.5869985797721866,2319,81938,20608,1034,0.07174008570321772,0.28003786830636723,0.21078800978847523,True,False,False,False,False,True,False,False,False,False,False,False,False,False,False,False,False,False,False,False,True,False,False,False,False,False,False,False,False,False,False,False,False,True,False,False,False,False,False,False,False,False,False,False
-0.3265845732209489,0.24964250969004453,1115,7316,4280,583,-0.16455795679749943,-0.15360112696950287,0.25788095210046696,True,False,False,False,True,True,False,False,False,False,False,False,False,False,False,False,False,False,False,False,True,False,False,True,False,False,False,False,False,False,False,False,False,False,False,False,False,False,False,False,False,False,False,False
-0.3989499845738472,0.029121030048840268,923,5362,3370,447,-0.21181756529764284,-0.404492259950542,-0.14240905755146308,True,False,False,True,False,True,False,False,False,False,False,False,False,False,False,False,False,False,False,True,False,False,False,False,False,False,False,False,False,False,False,False,False,True,False,False,False,False,False,False,False,False,False,True
0.08700752232152857,0.27199952605919886,1071,47976,13560,677,-0.3063367822979297,0.06941321345808749,0.2343344809444711,True,False,False,True,False,True,False,False,False,False,False,False,False,False,False,False,False,False,False,True,False,False,False,True,False,False,False,False,False,False,False,False,False,False,False,False,False,False,False,False,False,False,False,True
0.06094893137206638,0.6632473125194001,1401,28247,13312,1052,-0.117298348297356,0.26764818272705665,0.21078800978847523,True,False,False,False,False,True,False,False,False,False,False,False,False,False,False,False,False,False,True,False,False,False,False,False,False,False,False,False,False,False,False,False,True,False,False,False,False,False,False,False,False,False,False,False
-0.19259411570378188,0.32992452301564423,1175,11885,6672,729,0.11899969420336114,0.04773126369429398,0.7994497886883722,True,False,False,False,True,True,False,False,False,False,False,False,False,False,False,False,False,False,True,False,False,False,False,True,False,False,False,False,False,False,False,False,False,False,False,False,False,False,False,False,False,False,False,False
-0.20016519280396344,-0.4800092063578111,381,13919,8460,392,-0.16455795679749943,-0.19696502649708986,-0.33078082679943016,False,False,False,False,False,True,False,False,False,False,False,False,False,False,False,False,False,True,False,False,False,False,False,False,False,False,False,False,False,False,False,False,False,True,False,False,False,False,False,False,False,False,False,False
-0.2716502463545151,0.14801970801207023,1002,8753,4880,570,-0.02277913129706914,-0.05448364233501826,0.7052639040643889,True,False,False,False,True,True,False,False,False,False,False,False,False,False,False,False,False,True,False,False,False,False,False,True,False,False,False,False,False,False,False,False,False,False,False,False,False,False,False,False,False,False,False,False
-0.3813428285269133,-0.06437194749489611,837,7420,4232,466,-0.35359639079807315,-0.40758968134536966,-0.2836878844874384,True,False,False,False,False,True,False,False,False,False,False,False,False,False,False,False,True,False,False,False,False,False,False,False,False,False,False,False,False,False,False,False,False,True,False,False,False,False,False,False,False,False,False,False
-0.29806098042491597,0.08501357097172614,944,8294,4736,576,-0.16455795679749943,-0.1288217558108817,0.35206683672445055,True,False,False,False,True,True,False,False,False,False,False,False,False,False,False,False,True,False,False,False,False,False,False,False,True,False,False,False,False,False,False,False,False,False,False,False,False,False,False,False,False,False,False,True
0.35322772175116923,0.6012574034958357,1479,6338,3672,497,-0.35359639079807315,-0.32395930368502324,-0.33078082679943016,True,False,False,False,False,True,False,False,False,False,False,False,False,False,False,False,False,False,False,False,False,False,False,False,False,False,False,False,False,False,False,False,True,False,False,False,False,False,False,False,False,False,False,False
-0.35871763300660325,0.2628534739081812,1143,6101,3546,420,-0.35359639079807315,-0.3487386748436444,-0.18950199986345484,True,False,False,False,True,False,False,False,False,False,False,False,False,False,False,False,False,False,False,False,True,False,False,False,False,False,False,False,False,False,False,False,False,False,False,False,True,False,False,False,False,False,False,True
1.0205389359299644,1.8369906719000033,2288,66311,34352,2021,-0.02277913129706914,1.2433359220977644,0.46979919250443,True,False,False,False,False,False,False,False,False,False,False,False,False,False,False,False,False,False,False,False,True,False,False,False,False,False,False,False,False,False,True,False,False,False,False,False,False,False,False,False,False,False,False,True
1.1311118759047092,-0.3539969322771229,496,12522,8176,167,-0.3063367822979297,-0.23723150462984924,-0.5191525960473973,False,False,False,False,False,False,False,False,False,False,False,False,False,False,False,False,False,False,False,False,True,False,False,False,True,False,False,False,False,False,False,False,False,False,False,False,False,False,False,False,False,False,False,False
-0.36831353305218223,0.22423680927055095,1099,5225,3098,483,-0.3063367822979297,-0.32086188229019563,0.09305565400849579,True,False,False,False,True,False,False,False,False,False,False,False,False,False,False,False,False,False,False,True,False,False,False,False,False,False,False,False,False,False,False,False,False,True,False,False,False,False,False,False,False,False,False,False
-0.3454242301911682,0.19984733686783712,1078,6823,3788,487,-0.02277913129706914,-0.2898876683419192,0.21078800978847523,True,False,False,False,True,False,False,False,False,False,False,False,False,False,False,False,False,False,False,True,False,False,False,False,True,False,False,False,False,False,False,False,False,False,False,False,False,False,False,False,False,False,False,False
-0.10649512263427506,0.8553144076907715,1635,8774,5124,722,2.292941685209959,0.5650006366305105,1.694215692616216,True,False,False,True,False,False,False,False,False,False,False,False,False,False,False,False,False,False,True,False,False,False,False,False,False,False,False,False,False,False,False,True,False,False,False,False,False,False,False,False,False,False,False,False
-0.39463623134234843,-0.868208308767673,63,6625,3804,59,-0.35359639079807315,-0.534583958533303,-0.5897920095153849,False,False,False,False,False,False,False,False,False,False,False,False,False,False,False,False,False,False,True,False,False,False,False,False,True,False,False,False,False,False,False,False,False,False,False,False,False,False,False,False,False,False,False,True
2.3276942008543373,2.0819016239439216,2833,17809,11328,801,-0.21181756529764284,0.029146735325328115,0.21078800978847523,True,False,False,False,True,False,False,False,False,False,False,False,False,False,False,False,False,True,False,False,False,False,False,False,False,False,False,False,False,False,True,False,False,False,False,False,False,False,False,False,False,False,False,False
-0.3687537119533556,0.17850654851546252,1058,5732,3412,453,-0.2590771737977863,-0.3363489892643338,-0.024676701771483647,True,False,False,True,False,False,False,False,False,False,False,False,False,False,False,False,False,True,False,False,False,False,False,True,False,False,False,False,False,False,False,False,False,False,False,False,False,False,False,False,False,False,False,False
-0.3901464065503803,0.14395479594495125,1023,5485,3068,437,-0.2590771737977863,-0.29608251113157447,-0.07176964408347541,True,False,False,False,True,False,False,False,False,False,False,False,False,False,False,False,True,False,False,False,False,False,False,False,False,False,False,True,False,False,False,False,False,False,False,False,False,False,False,False,False,False,False,False
-0.38451211661536144,-0.868208308767673,59,7041,3996,58,-0.35359639079807315,-0.5129020087695095,-0.5897920095153849,False,False,False,False,False,False,False,False,False,False,False,False,False,False,False,False,True,False,False,False,False,False,True,False,False,False,False,False,False,False,False,False,False,False,False,False,False,False,False,False,False,False,False,False
-0.3904105138910843,0.10127321924020204,993,5340,3094,440,-0.2590771737977863,-0.37661546739709323,-0.04822317292747953,True,False,False,False,True,False,False,False,False,False,False,False,False,False,False,False,False,False,False,False,False,False,False,False,False,False,False,False,False,False,False,False,True,False,False,False,False,False,False,False,False,False,False,False
-0.3959567680458685,0.03725085418307821,937,4642,2842,393,-0.3063367822979297,-0.4137845241350249,-0.14240905755146308,True,False,False,False,True,False,False,False,False,False,False,False,False,False,False,False,False,False,False,False,False,False,True,False,False,False,False,False,False,False,False,False,False,False,False,False,False,False,False,False,False,False,False,False
-0.18502303860360028,0.49455346173396264,1271,8872,4876,660,0.6388553877049389,0.30791466085981606,1.246832740652294,True,False,False,False,True,False,False,False,False,False,False,False,False,False,False,False,False,False,False,False,False,True,False,False,False,False,False,False,False,False,True,False,False,False,False,False,False,False,False,False,False,False,False,False
-0.40071070017854066,0.05554295848511359,938,4932,2820,432,-0.3063367822979297,-0.32086188229019563,0.022416240540508125,True,False,False,False,True,False,False,False,False,False,False,False,False,False,False,False,False,False,False,False,False,True,True,False,False,False,False,False,False,False,False,False,False,False,False,False,False,False,False,False,False,False,False,False
-0.37958211292221994,0.031153486082399755,911,5757,3300,431,-0.3063367822979297,-0.3053747753160574,0.06950918285249989,True,False,False,False,True,False,False,False,False,False,False,False,False,False,False,False,False,False,False,False,True,False,False,False,False,False,False,False,False,False,False,True,False,False,False,False,False,False,False,False,False,False,False,False
-0.33978994025614934,0.036234626166298474,901,6085,3502,437,-0.3063367822979297,-0.22484181905053865,0.4462527213484341,True,False,False,False,True,False,False,False,False,False,False,False,False,False,False,False,False,False,False,False,True,False,False,True,False,False,False,False,False,False,False,False,False,False,False,False,False,False,False,False,False,False,False,True
1.4093049414462648,-0.1700596612399894,655,15766,10720,220,-0.35359639079807315,-0.15360112696950287,-0.4249667114234137,False,False,False,False,False,False,False,False,False,False,False,False,False,False,False,False,False,False,False,True,False,False,False,False,False,False,False,False,False,False,False,True,False,False,False,False,False,False,False,False,False,False,False,False
-0.24171808107472748,0.2628534739081812,1111,8632,5348,699,0.44981695370436514,0.02295189253567283,0.6581709617523971,True,False,False,False,True,False,False,False,False,False,False,False,False,False,False,False,False,False,False,False,False,False,True,False,False,False,False,False,False,False,False,False,False,False,False,False,False,False,False,False,False,False,False,False
-0.37429996610813976,-0.11213466428354403,756,5654,3230,422,0.11899969420336114,-0.1628933911539858,0.32852036556845465,True,False,False,False,True,False,False,False,False,False,False,False,False,False,False,False,False,False,False,False,False,True,False,False,False,False,False,False,False,False,True,False,False,False,False,False,False,False,False,False,False,False,False,False
-0.40581677543215144,-0.19038422157558427,708,4750,2876,392,-0.117298348297356,-0.38590773158157615,-0.024676701771483647,True,False,False,False,True,False,False,False,False,False,False,False,False,False,False,False,False,False,False,False,False,True,True,False,False,False,False,False,False,False,False,False,False,False,False,False,False,False,False,False,False,False,False,False
-0.4588143151334225,-0.3895649128644139,508,3961,2104,301,-0.35359639079807315,-0.38590773158157615,-0.11886258639546719,True,False,False,True,False,False,False,False,False,False,False,False,False,False,False,False,False,False,False,True,False,False,False,False,False,False,False,False,True,False,False,False,False,False,False,False,False,False,False,False,False,False,False,False
-0.44569698387845674,-0.3001368473877965,572,4742,2388,363,-0.16455795679749943,-0.2620108757884704,-0.21304847101945074,True,False,False,False,False,False,False,False,False,False,False,False,False,False,False,False,False,False,False,True,False,False,True,False,False,False,False,False,False,False,False,False,False,False,False,False,False,False,False,False,False,False,False,False
-0.4290582214141042,-0.29912061937101675,574,4534,2452,370,-0.02277913129706914,-0.2682057185781257,0.25788095210046696,True,False,False,False,True,False,False,False,False,False,False,False,False,False,False,False,False,False,True,False,False,False,False,False,False,False,False,False,False,False,False,True,False,False,False,False,False,False,False,False,False,False,False,False
-0.4276496489303495,-0.36212675641136083,524,3861,2200,316,-0.35359639079807315,-0.2682057185781257,0.022416240540508125,True,False,False,True,False,False,False,False,False,False,False,False,False,False,False,False,False,False,True,False,False,False,False,False,True,False,False,False,False,False,False,False,False,False,False,False,False,False,False,False,False,False,False,False
