Lifetime Post Total Reach,Lifetime Engaged Users,Lifetime Post Consumers,Lifetime Post Impressions by people who have liked your Page,Lifetime Post reach by people who like your Page,Lifetime People who have liked your Page and engaged with your post,comment,like,share,Type_Photo,Type_Status,Type_Video,Category_2,Category_3,Post Month_2,Post Month_3,Post Month_4,Post Month_5,Post Month_6,Post Month_7,Post Month_8,Post Month_9,Post Month_10,Post Month_11,Post Month_12,Post Weekday_2,Post Weekday_3,Post Weekday_4,Post Weekday_5,Post Weekday_6,Post Weekday_7,Post Hour_2,Post Hour_3,Post Hour_4,Post Hour_5,Post Hour_6,Post Hour_7,Post Hour_8,Post Hour_9,Post Hour_10,Post Hour_11,Post Hour_12,Post Hour_13,Post Hour_14,Post Hour_15,Post Hour_16,Post Hour_17,Post Hour_18,Post Hour_19,Post Hour_20,Post Hour_22,Post Hour_23,Paid_1.0,cluster,cluster_label,scaled_feature_1,scaled_feature_2
-0.4908593391388422,-0.7543907708883417,109,3078,1640,119,-0.1645579567974994,-0.3053747753160574,-0.2365949421754466,True,False,False,True,False,False,False,False,False,False,False,False,False,False,False,True,False,False,True,False,False,False,False,True,False,False,False,False,False,False,False,False,False,False,False,False,False,False,False,False,False,False,False,False,0,Normal,-0.4908593391388422,-0.7543907708883417
-0.1515694421144258,0.5453648625729498,1361,11710,6112,1108,-0.117298348297356,-0.1474062841798475,0.045962711696504,False,True,False,True,False,False,False,False,False,False,False,False,False,False,False,True,False,True,False,False,False,False,False,False,False,False,False,False,False,False,True,False,False,False,False,False,False,False,False,False,False,False,False,False,0,Normal,-0.1515694421144258,0.54536486257295
-0.5057814038886187,-0.7554069989051214,113,2812,1503,132,-0.3535963907980731,-0.3456412534488167,-0.3072343556434342,True,False,False,False,True,False,False,False,False,False,False,False,False,False,False,True,False,True,False,False,False,False,False,True,False,False,False,False,False,False,False,False,False,False,False,False,False,False,False,False,False,False,False,False,0,Normal,-0.5057814038886187,-0.7554069989051214
1.5945322230600096,1.311600787224876,790,61027,32048,1386,2.387460902210245,4.319075367161615,2.8244463081040183,True,False,False,True,False,False,False,False,False,False,False,False,False,False,False,True,True,False,False,False,False,False,False,False,False,False,False,False,False,False,True,False,False,False,False,False,False,False,False,False,False,False,False,True,1,Above Average,1.5945322230600096,1.3116007872248763
-0.2931309767317744,-0.2533903586159283,410,6228,3200,396,0.544336170704652,0.4565908878115429,0.5168921348164217,True,False,False,True,False,False,False,False,False,False,False,False,False,False,False,True,True,False,False,False,False,False,False,True,False,False,False,False,False,False,False,False,False,False,False,False,False,False,False,False,False,False,False,False,0,Normal,-0.2931309767317744,-0.2533903586159283
-0.1510412274330178,0.2750482101095381,1073,16034,7852,1016,-0.3063367822979297,-0.0792630134936394,0.1401485963204875,False,True,False,True,False,False,False,False,False,False,False,False,False,False,False,True,False,False,False,False,False,False,False,False,False,False,False,False,False,True,False,False,False,False,False,False,False,False,False,False,False,False,False,False,0,Normal,-0.1510412274330178,0.2750482101095382
-0.0973394014898694,-0.4464736818040795,265,15432,9328,379,-0.2118175652976428,0.221186861804642,-0.0011302306154877,True,False,False,False,True,False,False,False,False,False,False,False,False,False,False,True,False,False,False,False,False,False,False,True,False,False,False,False,False,False,False,False,False,False,False,False,False,False,False,False,False,False,False,True,0,Normal,-0.09733940148986939,-0.4464736818040795
-0.0080711203319145,-0.3895649128644139,232,19728,11056,422,-0.3535963907980731,0.4565908878115429,-0.3072343556434342,True,False,False,False,True,False,False,False,False,False,False,False,False,False,False,True,False,False,False,False,False,True,False,False,False,False,False,False,False,True,False,False,False,False,False,False,False,False,False,False,False,False,False,True,0,Normal,-0.008071120331914493,-0.3895649128644139
-0.0906486821920345,0.6195495077978711,1407,15220,7912,1250,-0.3535963907980731,-0.0513862209401906,0.0930556540084957,False,True,False,True,False,False,False,False,False,False,False,False,False,False,False,True,False,False,False,False,False,True,False,True,False,False,False,False,False,False,False,False,False,False,False,False,False,False,False,False,False,False,False,False,0,Normal,-0.09064868219203448,0.6195495077978713
-0.4053765965309781,-0.6507355131768079,183,4309,2324,199,-0.2118175652976428,-0.2000624478919175,-0.0246767017714836,True,False,False,False,True,False,False,False,False,False,False,False,False,False,False,True,False,False,False,False,True,False,False,False,False,False,False,False,False,False,True,False,False,False,False,False,False,False,False,False,False,False,False,False,0,Normal,-0.4053765965309781,-0.6507355131768079
0.3451284299695796,3.3918195375730105,4100,37849,18952,3798,-0.3535963907980731,0.1716281194873997,-0.1895019998634548,False,True,False,True,False,False,False,False,False,False,False,False,False,False,False,True,False,False,False,True,False,False,False,False,False,False,False,False,False,False,True,False,False,False,False,False,False,False,False,False,False,False,False,False,1,Above Average,0.3451284299695796,3.391819537573011
-0.4750128986966017,-0.7239039303849494,127,3887,2174,165,-0.3535963907980731,-0.2774979827626086,-0.2130484710194507,True,False,False,True,False,False,False,False,False,False,False,False,False,False,False,True,False,False,False,True,False,False,False,False,False,False,False,False,False,False,True,False,False,False,False,False,False,False,False,False,False,False,False,False,0,Normal,-0.4750128986966017,-0.7239039303849494
-0.4866776395776954,-0.7391473506366456,115,3779,2072,152,-0.3535963907980731,-0.2713031399729533,-0.3072343556434342,True,False,False,True,False,False,False,False,False,False,False,False,False,False,False,True,False,False,False,True,False,False,False,False,False,False,False,False,False,False,True,False,False,False,False,False,False,False,False,False,False,False,False,False,0,Normal,-0.4866776395776954,-0.7391473506366456
-0.4997949708326611,-0.6822385816969799,134,3631,1917,183,-0.117298348297356,-0.125724334416054,-0.4014202402674178,True,False,False,True,False,False,False,False,False,False,False,False,False,False,False,True,False,False,False,True,False,False,False,True,False,False,False,False,False,False,False,False,False,False,False,False,False,False,False,False,False,False,False,False,0,Normal,-0.4997949708326611,-0.6822385816969799
0.3909070356916078,-0.0338851069915038,337,34415,19312,684,-0.2590771737977863,1.237141079308109,-0.1659555287074589,True,False,False,True,False,False,False,False,False,False,False,False,False,False,False,True,False,False,True,False,False,False,False,False,False,True,False,False,False,False,False,False,False,False,False,False,False,False,False,False,False,False,False,True,0,Normal,0.3909070356916078,-0.03388510699150375
-0.1691765981613597,0.3492328553344593,1209,17272,8548,1162,-0.1645579567974994,-0.2836928255522639,-0.2130484710194507,False,True,False,True,False,False,False,False,False,False,False,False,False,False,False,True,False,True,False,False,False,False,False,False,False,False,False,False,False,False,True,False,False,False,False,False,False,False,False,False,False,False,False,False,0,Normal,-0.1691765981613597,0.3492328553344594
-0.536197765959697,-0.7696341911400378,123,1868,1050,123,-0.2590771737977863,-0.4261742097143355,-0.354327297955426,True,False,False,False,True,False,False,False,False,False,False,False,False,False,False,True,False,True,False,False,False,False,False,True,False,False,False,False,False,False,False,False,False,False,False,False,False,False,False,False,False,False,False,False,0,Normal,-0.536197765959697,-0.7696341911400378
1.7325723264679715,0.7984056387511058,1103,92512,39776,1307,0.3552977367040782,1.549980640185701,-0.1659555287074589,True,False,False,False,False,False,False,False,False,False,False,False,False,False,False,True,True,False,False,False,False,False,False,False,False,False,False,False,False,False,False,False,True,False,False,False,False,False,False,False,False,False,False,True,1,Above Average,1.7325723264679715,0.798405638751106
-0.4390062645806218,-0.8031697156937694,86,5009,2410,101,-0.1645579567974994,-0.3828103101867485,-0.2365949421754466,False,True,False,False,True,False,False,False,False,False,False,False,False,False,False,True,True,False,False,False,False,False,False,True,False,False,False,False,False,False,False,False,False,False,False,False,False,False,False,False,False,False,False,False,0,Normal,-0.4390062645806218,-0.8031697156937694
-0.5419641095650679,-0.8123157678447871,88,2116,1161,100,-0.3535963907980731,-0.4447587380833013,-0.4485131825794096,True,False,False,False,True,False,False,False,False,False,False,False,False,False,False,True,False,False,False,False,False,False,False,False,False,False,False,False,False,False,False,True,False,False,False,False,False,False,False,False,False,False,False,False,0,Normal,-0.5419641095650679,-0.8123157678447871
-0.4866336216875781,-0.7320337545191874,142,3561,1963,157,-0.2118175652976428,-0.3456412534488167,-0.354327297955426,True,False,False,True,False,False,False,False,False,False,False,False,False,False,False,True,False,False,False,False,False,False,False,True,False,False,False,False,False,False,False,False,False,False,False,False,False,False,False,False,False,False,False,False,0,Normal,-0.4866336216875781,-0.7320337545191874
-0.5510758128193562,-0.9200359376234398,15,2196,1172,15,-0.3535963907980731,-0.5500710655074412,-0.6368849518273767,True,False,False,False,False,False,False,False,False,False,False,False,False,False,False,True,False,False,False,False,False,True,False,False,False,False,False,False,False,False,True,False,False,False,False,False,False,False,False,False,False,False,False,False,0,Normal,-0.5510758128193562,-0.9200359376234398
-0.4599587802764732,-0.8153644518951263,104,6282,3100,106,-0.3535963907980731,-0.5005123231901989,-0.5897920095153849,False,False,False,False,False,False,False,False,False,False,False,False,False,False,False,True,False,False,False,False,False,True,False,False,False,False,False,False,False,False,True,False,False,False,False,False,False,False,False,False,False,False,False,False,0,Normal,-0.4599587802764732,-0.8153644518951263
-0.4921358579522449,-0.7564232269219012,118,2964,1621,143,-0.3535963907980731,-0.3270567250798509,-0.0717696440834754,True,False,False,False,True,False,False,False,False,False,False,False,False,False,False,True,False,False,False,False,False,True,False,True,False,False,False,False,False,False,False,False,False,False,False,False,False,False,False,False,False,False,False,False,0,Normal,-0.4921358579522449,-0.7564232269219012
-0.23837272142581,0.4274824126264996,1270,9684,5244,995,-0.2118175652976428,-0.2434263474195045,-0.1895019998634548,False,True,False,True,False,False,False,False,False,False,False,False,False,False,False,True,False,False,False,False,True,False,False,False,False,False,False,False,False,False,True,False,False,False,False,False,False,False,False,False,False,False,False,False,0,Normal,-0.23837272142581,0.4274824126264997
-0.2473523710097463,0.6104034556468534,1462,10266,5372,1200,-0.3535963907980731,-0.2774979827626086,-0.2130484710194507,False,True,False,True,False,False,False,False,False,False,False,False,False,False,False,True,False,False,False,False,True,False,False,True,False,False,False,False,False,False,False,False,False,False,False,False,False,False,False,False,False,False,False,False,0,Normal,-0.2473523710097463,0.6104034556468536
0.2486412148323818,1.9162564572088236,2531,17748,9824,1779,0.1189996942033611,0.7260665491615479,1.058460971404327,False,True,False,True,False,False,False,False,False,False,False,False,False,False,False,True,False,False,False,True,False,False,False,False,False,False,False,False,False,False,False,True,False,False,False,False,False,False,False,False,False,False,False,False,1,Above Average,0.2486412148323818,1.9162564572088239
-0.502920241030992,-0.7198390183178305,124,2612,1443,166,-0.3535963907980731,-0.2403289260246768,-0.2365949421754466,True,False,False,False,True,False,False,False,False,False,False,False,False,False,False,True,False,False,False,True,False,False,False,True,False,False,False,False,False,False,False,False,False,False,False,False,False,False,False,False,False,False,False,False,0,Normal,-0.502920241030992,-0.7198390183178305
-0.1911855432200271,0.0535105024515541,559,9217,4748,621,1.3477495152070902,1.0698803239874164,0.846542731000364,True,False,False,True,False,False,False,False,False,False,False,False,False,False,False,True,False,False,False,True,False,False,False,True,False,False,False,False,False,False,False,False,False,False,False,False,False,False,False,False,False,False,False,False,0,Normal,-0.1911855432200271,0.053510502451554164
0.9818031926267096,0.2242368092705509,1068,30131,14112,559,0.4970765622045086,-0.1071398060470882,-0.3307808267994301,False,False,True,False,False,False,False,False,False,False,False,False,False,False,False,True,False,False,True,False,False,False,False,False,False,False,False,False,False,False,False,True,False,False,False,False,False,False,False,False,False,False,False,True,0,Normal,0.9818031926267096,0.22423680927055098
-0.3945481955621138,-0.5440315714149349,306,5860,2930,273,1.20597068970666,-0.2186469762608833,-0.1188625863954671,True,False,False,True,False,False,False,False,False,False,False,False,False,False,False,True,False,False,True,False,False,False,True,False,False,False,False,False,False,False,False,False,False,False,False,False,False,False,False,False,False,False,False,False,0,Normal,-0.3945481955621138,-0.5440315714149349
-0.5379144636742731,-0.7401635786534253,171,1585,858,131,-0.3063367822979297,-0.4664406878470948,-0.3778737691114219,True,False,False,True,False,False,False,False,False,False,False,False,False,False,False,True,False,True,False,False,False,False,False,False,False,False,False,False,False,False,True,False,False,False,False,False,False,False,False,False,False,False,False,False,0,Normal,-0.5379144636742731,-0.7401635786534253
-0.3795821129222199,-0.5613074477001905,237,4480,2422,268,-0.2590771737977863,-0.0699707493091564,0.46979919250443,True,False,False,False,True,False,False,False,False,False,False,False,False,False,False,True,False,True,False,False,False,False,False,True,False,False,False,False,False,False,False,False,False,False,False,False,False,False,False,False,False,False,False,False,0,Normal,-0.3795821129222199,-0.5613074477001905
-0.4798548666095085,-0.6629302493781648,185,3039,1676,194,-0.1645579567974994,-0.2465237688143321,-0.0953161152394713,True,False,False,False,True,False,False,False,False,False,False,False,False,False,False,True,True,False,False,False,False,False,False,False,False,False,False,False,False,True,False,False,False,False,False,False,False,False,False,False,False,False,False,False,0,Normal,-0.4798548666095085,-0.6629302493781648
-0.4462251985598648,-0.6324434088747726,260,5782,2938,244,-0.2590771737977863,-0.3766154673970932,-0.2365949421754466,True,False,False,False,False,False,False,False,False,False,False,False,False,False,False,True,True,False,False,False,False,False,False,True,False,False,False,False,False,False,False,False,False,False,False,False,False,False,False,False,False,False,False,False,0,Normal,-0.4462251985598648,-0.6324434088747726
-0.413387852532333,-0.5054149067773046,284,5183,2954,316,-0.0700387397972125,-0.0173145855970865,-0.142409057551463,True,False,False,True,False,False,False,False,False,False,False,False,False,False,False,True,False,False,False,False,False,False,False,False,False,False,False,False,False,False,False,True,False,False,False,False,False,False,False,False,False,False,False,False,0,Normal,-0.413387852532333,-0.5054149067773046
-0.493588448326117,-0.6791898976466407,168,3052,1727,199,-0.3535963907980731,-0.2527186116039874,-0.2365949421754466,True,False,False,False,True,False,False,False,False,False,False,False,False,False,False,True,False,False,False,False,False,False,False,True,False,False,False,False,False,False,False,False,False,False,False,False,False,False,False,False,False,False,False,False,0,Normal,-0.493588448326117,-0.6791898976466407
0.2595576515814808,-0.448506137837639,424,5187,2752,248,0.4025573452042217,-0.3146670395005403,-0.4485131825794096,True,False,False,False,False,False,False,False,False,False,False,False,False,False,False,True,False,False,False,False,False,True,False,False,False,False,False,False,False,False,True,False,False,False,False,False,False,False,False,False,False,False,False,True,0,Normal,0.2595576515814808,-0.448506137837639
0.1616618639605283,4.50357298793005,5202,23135,11792,4104,0.1662593027035045,0.1530435911184338,0.0930556540084957,False,True,False,True,False,False,False,False,False,False,False,False,False,False,False,True,False,False,False,False,False,True,False,False,False,False,False,False,False,True,False,False,False,False,False,False,False,False,False,False,False,False,False,False,1,Above Average,0.1616618639605283,4.503572987930051
-0.4671777142557161,-0.6243135847405346,284,4986,2584,247,-0.3063367822979297,-0.4137845241350249,-0.3072343556434342,True,False,False,False,False,False,False,False,False,False,False,False,False,False,False,True,False,False,False,False,False,True,False,True,False,False,False,False,False,False,False,False,False,False,False,False,False,False,False,False,False,False,False,False,0,Normal,-0.4671777142557161,-0.6243135847405346
-0.0274389919835418,1.1530692166072365,1912,17627,9344,1716,-0.0227791312970691,0.1189719557753297,0.2814274232564628,False,True,False,True,False,False,False,False,False,False,False,False,False,False,False,True,False,False,False,False,True,False,False,False,False,False,False,False,False,False,False,True,False,False,False,False,False,False,False,False,False,False,False,False,1,Above Average,-0.027438991983541793,1.1530692166072367
0.2014540366265989,-0.4098894732000088,366,12078,6752,319,-0.0700387397972125,0.0291467353253281,-0.2130484710194507,False,False,False,False,False,False,False,False,False,False,False,False,False,False,False,True,False,False,False,False,True,False,False,True,False,False,False,False,False,False,False,False,False,False,False,False,False,False,False,False,False,False,False,True,0,Normal,0.2014540366265989,-0.4098894732000088
-0.2920745473689584,1.185588513144188,2079,13544,7096,1975,-0.0227791312970691,-0.4695381092419225,-0.5662455383593891,True,False,False,False,False,False,False,False,False,False,False,False,False,False,False,True,False,False,False,True,False,False,False,False,False,False,False,False,False,False,True,False,False,False,False,False,False,False,False,False,False,False,False,False,1,Above Average,-0.2920745473689584,1.1855885131441881
-0.495569253381397,-0.7991048036266504,109,2330,1377,101,-0.0227791312970691,-0.4602458450574396,-0.4014202402674178,False,False,False,False,False,False,False,False,False,False,False,False,False,False,False,True,False,False,False,True,False,False,False,True,False,False,False,False,False,False,False,False,False,False,False,False,False,False,False,False,False,False,False,True,0,Normal,-0.495569253381397,-0.7991048036266504
-0.4234239314790853,-0.5745184119183272,316,7283,3634,291,-0.3535963907980731,-0.404492259950542,-0.3778737691114219,True,False,False,False,False,False,False,False,False,False,False,False,False,False,False,True,False,False,True,False,False,False,False,False,False,False,False,False,False,False,False,True,False,False,False,False,False,False,False,False,False,False,False,False,0,Normal,-0.4234239314790853,-0.5745184119183272
-0.2612620242868241,-0.7259363864185089,158,6734,3492,138,-0.1645579567974994,-0.3735180460022655,-0.4014202402674178,False,False,False,False,False,False,False,False,False,False,False,False,False,False,False,True,False,False,True,False,False,False,False,True,False,False,False,False,False,False,False,False,False,False,False,False,False,False,False,False,False,False,False,True,0,Normal,-0.2612620242868241,-0.7259363864185089
0.1176439738431935,2.694687118062107,3464,24363,12888,3014,-0.1645579567974994,-0.0111197428074312,0.2107880097884752,False,True,False,False,False,False,False,False,False,False,False,False,False,False,False,True,False,True,False,False,False,False,False,False,False,False,False,False,False,False,False,True,False,False,False,False,False,False,False,False,False,False,False,False,1,Above Average,0.11764397384319351,2.6946871180621073
-0.5272621342658781,-0.8367052402475009,83,2307,1180,77,-0.0700387397972125,-0.4943174804005437,-0.4485131825794096,False,False,False,False,False,False,False,False,False,False,False,False,False,False,False,True,False,True,False,False,False,False,True,False,False,False,False,False,False,False,False,False,False,False,False,False,False,False,False,False,False,False,False,False,0,Normal,-0.5272621342658781,-0.8367052402475009
-0.445344840757518,-0.5917942882035828,283,6336,3216,280,-0.3535963907980731,-0.3115696181057127,-0.2836878844874384,True,False,False,False,False,False,False,False,False,False,False,False,False,False,False,True,True,False,False,False,False,False,False,False,False,False,False,False,False,False,False,True,False,False,False,False,False,False,False,False,False,False,False,False,0,Normal,-0.445344840757518,-0.5917942882035828
-0.5443850935215213,-0.8499162044656375,76,2903,1407,76,-0.3063367822979297,-0.5129020087695095,-0.6133384806713809,False,False,False,False,False,False,False,False,False,False,False,False,False,False,False,True,True,False,False,False,False,False,True,False,False,False,False,False,False,False,False,False,False,False,False,False,False,False,False,False,False,False,False,False,0,Normal,-0.5443850935215213,-0.8499162044656375
-0.535933658618993,-0.8255267320629237,65,2313,1232,77,-0.3063367822979297,-0.4013948385557143,-0.4249667114234137,True,False,False,True,False,False,False,False,False,False,False,False,False,False,True,False,False,False,False,False,False,False,False,False,False,False,False,False,False,True,False,False,False,False,False,False,False,False,False,False,False,False,False,False,0,Normal,-0.535933658618993,-0.8255267320629237
0.4993671169407206,-0.1974978176930424,467,16132,8608,451,0.7806342132053692,0.3326940320184371,0.0224162405405081,True,False,False,False,False,False,False,False,False,False,False,False,False,False,True,False,False,False,False,False,False,False,False,True,False,False,False,False,False,False,False,False,False,False,False,False,False,False,False,False,False,False,False,True,0,Normal,0.4993671169407206,-0.19749781769304237
-0.3965730185075111,-0.5745184119183272,181,4914,2712,246,0.0717400857032177,0.0756080562477427,0.0930556540084957,True,False,False,False,False,False,False,False,False,False,False,False,False,False,True,False,False,False,False,False,False,True,False,False,False,False,False,False,False,True,False,False,False,False,False,False,False,False,False,False,False,False,False,False,0,Normal,-0.3965730185075111,-0.5745184119183272
-0.4828040652473699,-0.6944333178983368,182,3901,2044,201,-0.1645579567974994,-0.351836096238472,-0.1895019998634548,True,False,False,False,False,False,False,False,False,False,False,False,False,False,True,False,False,False,False,False,False,True,False,True,False,False,False,False,False,False,False,False,False,False,False,False,False,False,False,False,False,False,False,False,0,Normal,-0.4828040652473699,-0.6944333178983368
-0.5052531892072107,-0.6710600735124028,213,3017,1510,175,-0.1645579567974994,-0.3456412534488167,-0.3307808267994301,True,False,False,False,False,False,False,False,False,False,False,False,False,False,True,False,False,False,False,False,True,False,False,False,False,False,False,False,False,False,True,False,False,False,False,False,False,False,False,False,False,False,False,False,0,Normal,-0.5052531892072107,-0.6710600735124028
0.11060111142442,-0.4688306981732338,411,21436,9568,363,-0.2590771737977863,-0.3487386748436444,-0.3072343556434342,False,False,True,False,False,False,False,False,False,False,False,False,False,False,True,False,False,False,False,False,True,False,True,False,False,False,False,False,False,False,False,False,False,False,False,False,False,False,False,False,False,False,False,True,0,Normal,0.11060111142442001,-0.4688306981732338
-0.3561645953797978,-0.5867131481196841,204,4976,2764,240,-0.2590771737977863,-0.0420939567557076,0.6346244905964011,True,False,False,False,False,False,False,False,False,False,False,False,False,False,True,False,False,False,False,True,False,False,False,False,False,False,False,False,False,False,False,True,False,False,False,False,False,False,False,False,False,False,False,False,0,Normal,-0.3561645953797978,-0.5867131481196841
-0.4999710423931305,-0.7676017351064783,131,3675,1901,134,-0.3535963907980731,-0.4261742097143355,-0.3307808267994301,True,False,False,False,False,False,False,False,False,False,False,False,False,False,True,False,False,False,False,True,False,False,False,True,False,False,False,False,False,False,False,False,False,False,False,False,False,False,False,False,False,False,False,False,0,Normal,-0.4999710423931305,-0.7676017351064783
-0.5126481947469229,-0.701546914015795,173,3188,1557,168,-0.2118175652976428,-0.3146670395005403,-0.3778737691114219,True,False,False,False,False,False,False,False,False,False,False,False,False,False,True,False,False,False,True,False,False,False,False,False,False,False,False,False,False,False,True,False,False,False,False,False,False,False,False,False,False,False,False,False,0,Normal,-0.5126481947469229,-0.701546914015795
0.5796557485147392,-0.5074473628108641,304,35637,9712,263,-0.1645579567974994,-0.1195294916263987,-0.2365949421754466,True,False,False,False,False,False,False,False,False,False,False,False,False,False,True,False,False,False,True,False,False,False,False,True,False,False,False,False,False,False,False,False,False,False,False,False,False,False,False,False,False,False,False,True,0,Normal,0.5796557485147392,-0.5074473628108641
-0.1304408548581051,-0.5115122748779831,335,15066,5100,319,0.0244804772030742,-0.2372315046298492,-0.3072343556434342,True,False,False,False,False,False,False,False,False,False,False,False,False,False,True,False,False,True,False,False,False,False,False,False,False,False,False,False,False,False,False,True,False,False,False,False,False,False,False,False,False,False,False,True,0,Normal,-0.1304408548581051,-0.5115122748779831
1.629042248912,-0.2950557073038978,513,54653,12704,346,0.0244804772030742,-0.1040423846522605,-0.4014202402674178,True,False,False,False,False,False,False,False,False,False,False,False,False,False,True,False,False,True,False,False,False,False,True,False,False,False,False,False,False,False,False,False,False,False,False,False,False,False,False,False,False,False,False,True,0,Normal,1.629042248912,-0.2950557073038978
0.6536058039118616,-0.1202644884177819,654,14091,7456,408,0.1189996942033611,0.0043673641667069,-0.3307808267994301,True,False,False,False,False,False,False,False,False,False,False,False,False,False,True,False,True,False,False,False,False,False,False,False,False,False,False,False,False,False,True,False,False,False,False,False,False,False,False,False,False,False,False,True,0,Normal,0.6536058039118616,-0.12026448841778185
0.5859943246916355,-0.3855000007972949,335,26869,7760,315,-0.1645579567974994,0.1282642199598127,-0.1188625863954671,True,False,False,False,False,False,False,False,False,False,False,False,False,False,True,False,True,False,False,False,False,False,False,True,False,False,False,False,False,False,False,False,False,False,False,False,False,False,False,False,False,False,False,True,0,Normal,0.5859943246916355,-0.3855000007972949
-0.5084664951857761,-0.6995144579822355,182,4101,1761,181,-0.2590771737977863,-0.3642257818177826,-0.4720596537354055,True,False,False,False,False,False,False,False,False,False,False,False,False,False,True,False,False,False,False,False,False,False,False,False,False,False,False,False,False,False,True,False,False,False,False,False,False,False,False,False,False,False,False,False,0,Normal,-0.5084664951857761,-0.6995144579822355
-0.461631460100932,-0.5735021839015474,298,4530,2388,280,0.544336170704652,-0.3115696181057127,-0.0953161152394713,True,False,False,False,False,False,False,False,False,False,False,False,False,False,True,False,False,False,False,False,False,False,False,True,False,False,False,False,False,False,False,False,False,False,False,False,False,False,False,False,False,False,False,False,0,Normal,-0.461631460100932,-0.5735021839015474
-0.5174021268795951,-0.7350824385695266,156,3302,1640,161,-0.3535963907980731,-0.4013948385557143,-0.4720596537354055,True,False,False,False,False,False,False,False,False,False,False,False,False,False,True,False,False,False,False,False,False,True,False,False,False,False,False,False,False,False,False,True,False,False,False,False,False,False,False,False,False,False,False,False,0,Normal,-0.5174021268795951,-0.7350824385695266
1.7410237613704995,0.6662959965697393,995,32646,14912,884,0.5915957792047954,1.6088316466874264,1.0113680290923353,True,False,False,False,False,False,False,False,False,False,False,False,False,False,True,False,False,False,False,False,False,True,False,True,False,False,False,False,False,False,False,False,False,False,False,False,False,False,False,False,False,False,False,True,1,Above Average,1.7410237613704995,0.6662959965697395
-0.5165657869673658,-0.7208552463346102,168,2873,1539,171,-0.3535963907980731,-0.3859077315815761,-0.2365949421754466,True,False,False,False,False,False,False,False,False,False,False,False,False,False,True,False,False,False,False,False,True,False,False,False,False,False,False,False,False,False,False,True,False,False,False,False,False,False,False,False,False,False,False,False,0,Normal,-0.5165657869673658,-0.7208552463346102
-0.475453077597775,-0.5694372718344285,288,3537,1780,275,-0.0227791312970691,-0.2898876683419192,0.0224162405405081,True,False,False,False,False,False,False,False,False,False,False,False,False,False,True,False,False,False,False,False,True,False,False,True,False,False,False,False,False,False,False,False,False,False,False,False,False,False,False,False,False,False,False,False,0,Normal,-0.475453077597775,-0.5694372718344285
1.1198432960346716,-0.337737284008647,460,39304,11392,336,-0.0227791312970691,-0.0978475418626052,-0.4249667114234137,True,False,False,False,False,False,False,False,False,False,False,False,False,False,True,False,False,False,False,True,False,False,False,False,False,False,False,False,False,False,True,False,False,False,False,False,False,False,False,False,False,False,False,True,0,Normal,1.1198432960346716,-0.337737284008647
3.823598178601842,1.1998157053791043,1735,59658,18880,885,0.4498169537043651,0.8406711407701707,1.3410186252762777,False,False,True,False,False,False,False,False,False,False,False,False,False,False,True,False,False,False,False,True,False,False,False,True,False,False,False,False,False,False,False,False,False,False,False,False,False,False,False,False,False,False,False,True,1,Above Average,3.823598178601842,1.1998157053791045
-0.2133705598391638,0.0870460270052856,847,9562,5180,740,-0.2118175652976428,0.1499461697236062,0.3991597790364423,False,True,False,False,True,False,False,False,False,False,False,False,False,False,True,False,False,False,True,False,False,False,False,False,False,False,False,False,False,False,False,True,False,False,False,False,False,False,False,False,False,False,False,False,0,Normal,-0.2133705598391638,0.08704602700528567
-0.1082558382389684,-0.3712728085623785,418,13737,4320,438,0.3080381282039348,-0.0173145855970865,0.46979919250443,True,False,False,False,False,False,False,False,False,False,False,False,False,False,True,False,False,False,True,False,False,False,True,False,False,False,False,False,False,False,False,False,False,False,False,False,False,False,False,False,False,False,False,True,0,Normal,-0.10825583823896838,-0.3712728085623785
-0.0158182689925654,-0.4098894732000088,458,26622,11760,447,-0.2590771737977863,-0.2434263474195045,-0.3307808267994301,False,False,True,False,False,False,False,False,False,False,False,False,False,False,True,False,False,True,False,False,False,False,False,False,False,False,False,False,False,False,False,True,False,False,False,False,False,False,False,False,False,False,False,False,0,Normal,-0.015818268992565394,-0.4098894732000088
1.0332160882837569,0.2333828614215686,808,22100,10880,724,0.5915957792047954,0.7229691277667203,1.1055539137163188,True,False,False,False,False,False,False,False,False,False,False,False,False,False,True,False,False,True,False,False,False,False,True,False,False,False,False,False,False,False,False,False,False,False,False,False,False,False,False,False,False,False,False,True,0,Normal,1.0332160882837569,0.2333828614215687
-0.5579426036776605,-0.9180034815898804,17,2392,1228,17,-0.3535963907980731,-0.5500710655074412,-0.6368849518273767,True,False,False,False,False,False,False,False,False,False,False,False,False,False,True,False,False,True,False,False,False,False,True,False,False,False,False,False,False,False,False,False,False,False,False,False,False,False,False,False,False,False,False,False,0,Normal,-0.5579426036776605,-0.9180034815898804
0.3997106137150747,-0.4901714865256085,374,12716,4968,262,-0.1645579567974994,-0.2867902469470915,-0.4485131825794096,True,False,False,False,False,False,False,False,False,False,False,False,False,False,True,False,False,False,False,False,False,False,False,False,False,False,False,False,False,False,True,False,False,False,False,False,False,False,False,False,False,False,False,False,0,Normal,0.3997106137150747,-0.4901714865256085
-0.5483907215221988,-0.7147578782339318,167,1924,1005,154,-0.3535963907980731,-0.3766154673970932,-0.4485131825794096,True,False,False,True,False,False,False,False,False,False,False,False,False,False,True,False,False,False,False,False,False,False,False,True,False,False,False,False,False,False,False,False,False,False,False,False,False,False,False,False,False,False,False,False,0,Normal,-0.5483907215221988,-0.7147578782339318
-0.4467534132412728,-0.266601322834065,640,6838,3224,598,-0.2590771737977863,-0.4602458450574396,-0.4720596537354055,True,False,False,False,False,False,False,False,False,False,False,False,False,False,True,False,False,False,False,False,False,True,False,False,False,False,False,False,False,False,False,False,True,False,False,False,False,False,False,False,False,False,False,False,0,Normal,-0.4467534132412728,-0.266601322834065
-0.2278084277976496,1.3969639406343746,2235,15418,7344,2099,-0.2590771737977863,-0.2836928255522639,-0.3307808267994301,False,True,False,True,False,False,False,False,False,False,False,False,False,False,True,False,False,False,False,False,False,True,False,True,False,False,False,False,False,False,False,False,False,False,False,False,False,False,False,False,False,False,False,False,1,Above Average,-0.2278084277976496,1.3969639406343748
-0.3483294109389123,-0.2676175508508447,361,5057,2628,428,0.4970765622045086,0.5959748505787869,0.6110780194404053,True,False,False,False,True,False,False,False,False,False,False,False,False,False,True,False,False,False,False,False,True,False,False,False,False,False,False,False,False,False,True,False,False,False,False,False,False,False,False,False,False,False,False,False,0,Normal,-0.3483294109389123,-0.2676175508508447
-0.4103066002241196,-0.4739118382571326,306,3691,1722,305,-0.117298348297356,0.038438999509811,0.7052639040643889,True,False,False,False,False,False,False,False,False,False,False,False,False,False,True,False,False,False,False,False,True,False,False,True,False,False,False,False,False,False,False,False,False,False,False,False,False,False,False,False,False,False,False,False,0,Normal,-0.4103066002241196,-0.4739118382571326
-0.4826720115770179,-0.6090701644888384,243,3668,1848,236,-0.2590771737977863,-0.2372315046298492,-0.1895019998634548,True,False,False,False,True,False,False,False,False,False,False,False,False,False,True,False,False,False,False,True,False,False,False,False,False,False,False,False,False,False,True,False,False,False,False,False,False,False,False,False,False,False,False,True,0,Normal,-0.4826720115770179,-0.6090701644888384
-0.3174288520765432,-0.7330499825359671,108,7549,3336,156,-0.2590771737977863,-0.2434263474195045,-0.2601414133314425,False,True,False,False,True,False,False,False,False,False,False,False,False,False,True,False,False,False,False,True,False,False,True,False,False,False,False,False,False,False,False,False,False,False,False,False,False,False,False,False,False,False,False,False,0,Normal,-0.3174288520765432,-0.7330499825359671
-0.4990466667006665,-0.5450477994317147,280,3834,1806,266,0.1189996942033611,-0.1164320702315711,-0.4485131825794096,True,False,False,False,False,False,False,False,False,False,False,False,False,False,True,False,False,False,True,False,False,False,False,False,False,False,False,False,False,True,False,False,False,False,False,False,False,False,False,False,False,False,False,True,0,Normal,-0.4990466667006665,-0.5450477994317147
0.3201262683829335,-0.5999241123378207,228,13858,5248,185,-0.2590771737977863,-0.1474062841798475,0.0930556540084957,False,False,False,False,False,False,False,False,False,False,False,False,False,False,True,False,False,False,True,False,False,False,False,True,False,False,False,False,False,False,False,False,False,False,False,False,False,False,False,False,False,False,False,False,0,Normal,0.3201262683829335,-0.5999241123378207
-0.4353967975910004,-0.3763539486462772,319,4625,2218,403,-0.2118175652976428,0.2862327110960225,0.2578809521004669,True,False,False,False,True,False,False,False,False,False,False,False,False,False,True,False,False,True,False,False,False,False,False,False,False,False,False,False,False,False,True,False,False,False,False,False,False,False,False,False,False,False,False,False,0,Normal,-0.4353967975910004,-0.3763539486462772
-0.544605182972108,-0.7198390183178305,189,1210,690,143,-0.2118175652976428,-0.4571484236626119,-0.4956061248914014,True,False,False,False,False,False,False,False,False,False,False,False,False,False,True,False,False,True,False,False,False,False,False,True,False,False,False,False,False,False,False,False,False,False,False,False,False,False,False,False,False,False,False,False,0,Normal,-0.544605182972108,-0.7198390183178305
-0.4826720115770179,-0.5552100795995121,283,4509,2078,287,-0.2590771737977863,-0.2186469762608833,-0.2365949421754466,True,False,False,False,False,False,False,False,False,False,False,False,False,False,True,False,True,False,False,False,False,False,False,False,False,False,False,False,False,False,False,True,False,False,False,False,False,False,False,False,False,False,False,True,0,Normal,-0.4826720115770179,-0.5552100795995121
0.4761256709587679,-0.076566683696253,564,14475,8120,504,0.2607785197037914,0.4751754161805088,1.1761933271843064,True,False,False,False,False,False,False,False,False,False,False,False,False,False,True,False,True,False,False,False,False,False,False,True,False,False,False,False,False,False,False,False,False,False,False,False,False,False,False,False,False,False,False,False,0,Normal,0.4761256709587679,-0.07656668369625295
-0.5143208745713816,-0.6436219170593497,220,3189,1495,221,-0.3535963907980731,-0.308472196710885,-0.3307808267994301,True,False,False,True,False,False,False,False,False,False,False,False,False,False,True,False,False,False,False,False,False,False,False,False,False,False,False,False,False,True,False,False,False,False,False,False,False,False,False,False,False,False,False,False,0,Normal,-0.5143208745713816,-0.6436219170593497
-0.4037039167065194,-0.3184289516898319,352,6201,3136,445,0.0717400857032177,0.3822527743356795,0.1166021251644916,True,False,False,False,True,False,False,False,False,False,False,False,False,False,True,False,False,False,False,False,False,False,False,True,False,False,False,False,False,False,False,False,False,False,False,False,False,False,False,False,False,False,False,False,0,Normal,-0.4037039167065194,-0.3184289516898319
-0.5140567672306776,-0.6202486726734157,216,2570,1389,233,-0.2590771737977863,-0.2062572906815728,-0.2601414133314425,True,False,False,False,True,False,False,False,False,False,False,False,False,False,True,False,False,False,False,False,False,True,False,False,False,False,False,False,False,True,False,False,False,False,False,False,False,False,False,False,False,False,False,False,0,Normal,-0.5140567672306776,-0.6202486726734157
-0.4964055932936264,-0.6141513045727371,213,3047,1605,244,-0.2590771737977863,-0.1659908125488134,-0.1188625863954671,True,False,False,True,False,False,False,False,False,False,False,False,False,False,True,False,False,False,False,False,False,True,False,False,True,False,False,False,False,False,False,False,False,False,False,False,False,False,False,False,False,False,False,False,0,Normal,-0.4964055932936264,-0.6141513045727371
-0.475981292279183,-0.5379342033142565,257,3521,1796,293,-0.117298348297356,-0.0761655920988117,-0.0011302306154877,True,False,False,False,True,False,False,False,False,False,False,False,False,True,False,False,False,False,False,False,True,False,False,False,False,False,False,False,False,False,True,False,False,False,False,False,False,False,False,False,False,False,False,False,0,Normal,-0.475981292279183,-0.5379342033142565
-0.5635328757225619,-0.6060214804384992,287,1284,704,220,-0.2118175652976428,-0.3921025743712314,-0.3778737691114219,True,False,False,False,False,False,False,False,False,False,False,False,False,True,False,False,False,False,False,False,True,False,False,True,False,False,False,False,False,False,False,False,False,False,False,False,False,False,False,False,False,False,False,False,0,Normal,-0.5635328757225619,-0.6060214804384992
-0.4879101405009808,-0.6121188485391776,218,3128,1622,240,-0.3063367822979297,-0.1938676051022622,-0.0246767017714836,True,False,False,True,False,False,False,False,False,False,False,False,False,True,False,False,False,False,False,True,False,False,False,False,False,False,False,False,False,False,False,True,False,False,False,False,False,False,False,False,False,False,False,False,0,Normal,-0.4879101405009808,-0.6121188485391776
-0.0631815187588176,1.2424972820838536,1966,15850,7636,1661,-0.0227791312970691,0.4101295668891282,0.7994497886883722,False,True,False,True,False,False,False,False,False,False,False,False,False,True,False,False,False,False,False,True,False,False,False,True,False,False,False,False,False,False,False,False,False,False,False,False,False,False,False,False,False,False,False,True,1,Above Average,-0.06318151875881758,1.2424972820838538
-0.0496240086026785,-0.1375403647030376,539,13272,7800,575,0.213518911203648,0.4658831519960258,1.482297452212253,True,False,False,False,False,False,False,False,False,False,False,False,False,True,False,False,False,False,True,False,False,False,False,False,False,False,False,False,False,False,True,False,False,False,False,False,False,False,False,False,False,False,False,False,0,Normal,-0.049624008602678495,-0.13754036470303757
-0.5522642958525242,-0.8976789212542855,37,2154,1120,32,-0.3535963907980731,-0.5500710655074412,-0.6368849518273767,True,False,False,False,False,False,False,False,False,False,False,False,False,True,False,False,False,False,True,False,False,False,False,False,False,False,False,False,False,True,False,False,False,False,False,False,False,False,False,False,False,False,False,True,0,Normal,-0.5522642958525242,-0.8976789212542855
2.4206599847821484,1.73130295815491,1326,35707,19840,1354,0.875153430205656,4.111548133708163,1.6000298079922324,True,False,False,True,False,False,False,False,False,False,False,False,False,True,False,False,False,False,True,False,False,False,False,True,False,False,False,False,False,False,False,False,False,False,False,False,False,False,False,False,False,False,False,False,1,Above Average,2.4206599847821484,1.7313029581549102
-0.5366819627509877,-0.64260568904257,245,2226,1118,205,-0.2590771737977863,-0.3549335176332997,-0.3072343556434342,True,False,False,False,True,False,False,False,False,False,False,False,False,True,False,False,False,True,False,False,False,False,False,False,False,False,False,False,False,False,True,False,False,False,False,False,False,False,False,False,False,False,False,False,0,Normal,-0.5366819627509877,-0.64260568904257
-0.5508997412588869,-0.7076442821164736,219,2161,1214,172,-0.3535963907980731,-0.5098045873746819,-0.5426990672033931,True,False,False,False,False,False,False,False,False,False,False,False,False,True,False,False,False,True,False,False,False,False,False,False,True,False,False,False,False,False,False,False,False,False,False,False,False,False,False,False,False,False,False,False,0,Normal,-0.5508997412588869,-0.7076442821164736
-0.495569253381397,-0.5724859558847677,315,4485,2101,265,-0.1645579567974994,-0.3673232032126102,-0.4249667114234137,True,False,False,False,False,False,False,False,False,False,False,False,False,True,False,False,True,False,False,False,False,False,False,False,False,False,False,False,False,False,False,True,False,False,False,False,False,False,False,False,False,False,False,True,0,Normal,-0.495569253381397,-0.5724859558847677
2.475594311648582,2.332909944088518,2628,43671,20608,1542,1.6313071662079508,2.4079663665529583,2.636074538856052,True,False,False,False,False,False,False,False,False,False,False,False,False,True,False,False,True,False,False,False,False,False,False,False,True,False,False,False,False,False,False,False,False,False,False,False,False,False,False,False,False,False,False,False,1,Above Average,2.475594311648582,2.3329099440885184
-0.4502748444506596,-0.475944294290692,330,3832,1890,328,0.0717400857032177,0.0105622069563622,0.1166021251644916,True,False,False,False,True,False,False,False,False,False,False,False,False,True,False,False,False,False,False,False,False,False,False,False,False,False,False,False,False,False,False,True,False,False,False,False,False,False,False,False,False,False,False,False,0,Normal,-0.4502748444506596,-0.475944294290692
-0.1936505450665979,0.2150907571195332,1032,16018,7616,981,0.4498169537043651,0.0477312636942939,0.0224162405405081,False,True,False,True,False,False,False,False,False,False,False,False,False,True,False,False,False,False,False,False,False,False,False,False,True,False,False,False,False,False,False,False,False,False,False,False,False,False,False,False,False,False,False,False,0,Normal,-0.1936505450665979,0.2150907571195333
-0.5052091713170934,-0.6100863925056181,237,3120,1684,248,-0.0227791312970691,-0.1628933911539858,-0.2601414133314425,True,False,False,False,True,False,False,False,False,False,False,False,False,True,False,False,False,False,False,False,False,True,False,False,False,False,False,False,False,True,False,False,False,False,False,False,False,False,False,False,False,False,False,False,0,Normal,-0.5052091713170934,-0.6100863925056181
-0.0013804010340796,1.7719520788260998,2570,20198,10432,2252,-0.1645579567974994,0.1220693771701574,0.5404386059724177,False,True,False,True,False,False,False,False,False,False,False,False,False,True,False,False,False,False,False,False,False,True,False,True,False,False,False,False,False,False,False,False,False,False,False,False,False,False,False,False,False,False,False,False,1,Above Average,-0.001380401034079593,1.7719520788261
-0.5383546425754464,-0.5917942882035828,324,2598,1469,268,-0.2590771737977863,-0.4633432664522672,-0.5426990672033931,True,False,False,False,False,False,False,False,False,False,False,False,False,True,False,False,False,False,False,False,True,False,False,False,False,False,False,False,False,False,True,False,False,False,False,False,False,False,False,False,False,False,False,False,0,Normal,-0.5383546425754464,-0.5917942882035828
-0.5564900133037883,-0.8976789212542855,37,1911,1077,33,-0.3535963907980731,-0.5500710655074412,-0.6368849518273767,True,False,False,False,False,False,False,False,False,False,False,False,False,True,False,False,False,False,False,False,True,False,False,False,False,False,False,False,True,False,False,False,False,False,False,False,False,False,False,False,False,False,False,False,0,Normal,-0.5564900133037883,-0.8976789212542855
-0.5051211355368587,-0.6192324446566358,238,2888,1560,236,-0.1645579567974994,-0.1876727623126069,-0.2130484710194507,True,False,False,True,False,False,False,False,False,False,False,False,False,True,False,False,False,False,False,False,True,False,False,False,True,False,False,False,False,False,False,False,False,False,False,False,False,False,False,False,False,False,False,False,0,Normal,-0.5051211355368587,-0.6192324446566358
-0.513968731450443,-0.5602912196834108,314,3227,1702,306,-0.2590771737977863,-0.3053747753160574,-0.2601414133314425,True,False,False,True,False,False,False,False,False,False,False,False,False,True,False,False,False,False,False,False,False,False,False,True,False,False,False,False,False,False,False,False,False,False,False,False,False,False,False,False,False,False,False,True,0,Normal,-0.513968731450443,-0.5602912196834108
-0.5419200916749506,-0.5592749916666311,356,2551,1454,327,-0.3535963907980731,-0.5036097445850266,-0.5897920095153849,True,False,False,False,False,False,False,False,False,False,False,False,False,True,False,False,False,False,False,False,False,True,False,False,False,False,False,False,False,False,False,False,False,True,False,False,False,False,False,False,False,False,False,False,0,Normal,-0.5419200916749506,-0.5592749916666311
-0.5762100280763544,-0.6070377084552789,319,1402,695,280,-0.3535963907980731,-0.5376813799281307,-0.5897920095153849,True,False,False,False,False,False,False,False,False,False,False,False,False,True,False,False,False,False,False,False,False,True,False,False,False,False,False,False,False,False,False,False,True,False,False,False,False,False,False,False,False,False,False,True,0,Normal,-0.5762100280763544,-0.6070377084552789
0.8057316321573706,0.9040933524961992,1490,56149,31648,1724,-0.3063367822979297,0.7849175556632731,-0.0246767017714836,True,False,False,False,False,False,False,False,False,False,False,False,False,True,False,False,False,False,False,False,False,True,False,False,False,False,False,False,False,False,False,False,True,False,False,False,False,False,False,False,False,False,False,False,1,Above Average,0.8057316321573706,0.9040933524961994
-0.5799075308462105,-0.6273622687908739,298,1284,650,262,-0.3535963907980731,-0.5283891157436478,-0.6368849518273767,True,False,False,False,False,False,False,False,False,False,False,False,False,True,False,False,False,False,False,False,False,True,False,False,False,False,False,False,False,False,False,True,False,False,False,False,False,False,False,False,False,False,False,False,0,Normal,-0.5799075308462105,-0.6273622687908739
-0.5752856523838903,-0.5298043791800184,392,1390,704,351,-0.3535963907980731,-0.5283891157436478,-0.5897920095153849,True,False,False,False,False,False,False,False,False,False,False,False,False,True,False,False,False,False,False,False,False,True,False,False,False,False,False,False,False,False,True,False,False,False,False,False,False,False,False,False,False,False,False,False,0,Normal,-0.5752856523838903,-0.5298043791800184
-0.5773985111095223,-0.6680113894620635,257,1401,660,222,-0.3535963907980731,-0.5314865371384754,-0.5897920095153849,True,False,False,False,False,False,False,False,False,False,False,False,False,True,False,False,False,False,False,False,False,True,False,False,False,False,False,False,False,False,True,False,False,False,False,False,False,False,False,False,False,False,False,False,0,Normal,-0.5773985111095223,-0.6680113894620635
-0.586290124913224,-0.6578491092942661,271,943,511,232,-0.3535963907980731,-0.5438762227177859,-0.6368849518273767,True,False,False,False,False,False,False,False,False,False,False,False,False,True,False,False,False,False,False,False,False,True,False,False,False,False,False,False,False,True,False,False,False,False,False,False,False,False,False,False,False,False,False,False,0,Normal,-0.586290124913224,-0.6578491092942661
0.0841903773540191,1.842071811983902,2654,23584,11912,2361,-0.0700387397972125,0.0260493139305004,0.3049738944124587,False,True,False,True,False,False,False,False,False,False,False,False,False,True,False,False,False,False,False,False,False,True,False,False,False,False,False,False,False,True,False,False,False,False,False,False,False,False,False,False,False,False,False,False,1,Above Average,0.08419037735401912,1.8420718119839021
-0.5847494987591173,-0.674108757562742,254,951,516,217,-0.3063367822979297,-0.5469736441126136,-0.5897920095153849,True,False,False,False,False,False,False,False,False,False,False,False,False,True,False,False,False,False,False,False,False,True,False,False,False,False,False,False,True,False,False,False,False,False,False,False,False,False,False,False,False,False,False,False,0,Normal,-0.5847494987591173,-0.674108757562742
-0.5848375345393519,-0.7025631420325749,223,935,521,191,-0.3063367822979297,-0.5407788013229583,-0.5897920095153849,True,False,False,False,False,False,False,False,False,False,False,False,False,True,False,False,False,False,False,False,False,True,False,False,False,False,False,True,False,False,False,False,False,False,False,False,False,False,False,False,False,False,False,False,0,Normal,-0.5848375345393519,-0.7025631420325749
-0.5821964611323118,-0.6802061256634204,246,1210,615,211,-0.3535963907980731,-0.5283891157436478,-0.6368849518273767,True,False,False,False,False,False,False,False,False,False,False,False,False,True,False,False,False,False,False,False,False,True,False,False,False,False,True,False,False,False,False,False,False,False,False,False,False,False,False,False,False,False,False,False,0,Normal,-0.5821964611323118,-0.6802061256634204
-0.5821964611323118,-0.6954495459151167,228,1098,580,196,-0.3535963907980731,-0.5283891157436478,-0.5897920095153849,True,False,False,False,False,False,False,False,False,False,False,False,False,True,False,False,False,False,False,False,False,True,False,False,False,True,False,False,False,False,False,False,False,False,False,False,False,False,False,False,False,False,False,False,0,Normal,-0.5821964611323118,-0.6954495459151167
-0.4638323546067986,-0.4535872779215377,345,3180,1674,385,-0.2118175652976428,0.0632183706684322,0.3285203655684546,True,False,False,False,True,False,False,False,False,False,False,False,False,True,False,False,False,False,False,False,False,True,False,True,False,False,False,False,False,False,False,False,False,False,False,False,False,False,False,False,False,False,False,False,0,Normal,-0.4638323546067986,-0.4535872779215377
-0.5791152088240984,-0.7056118260829141,220,1252,632,194,-0.3535963907980731,-0.5221942729539925,-0.6133384806713809,True,False,False,False,False,False,False,False,False,False,False,False,False,True,False,False,False,False,False,False,True,False,False,False,False,False,False,False,False,False,False,False,False,True,False,False,False,False,False,False,False,False,False,False,0,Normal,-0.5791152088240984,-0.7056118260829141
-0.5836050336160666,-0.7371148946030861,192,989,554,166,-0.3535963907980731,-0.5376813799281307,-0.6133384806713809,True,False,False,False,False,False,False,False,False,False,False,False,False,True,False,False,False,False,False,False,True,False,False,False,False,False,False,False,False,False,False,False,False,True,False,False,False,False,False,False,False,False,False,False,0,Normal,-0.5836050336160666,-0.7371148946030861
-0.5788070835932771,-0.7259363864185089,205,1430,690,175,-0.3535963907980731,-0.5407788013229583,-0.6368849518273767,True,False,False,False,False,False,False,False,False,False,False,False,False,True,False,False,False,False,False,False,True,False,False,False,False,False,False,False,False,False,False,False,True,False,False,False,False,False,False,False,False,False,False,False,0,Normal,-0.5788070835932771,-0.7259363864185089
-0.5719402927349728,-0.7249201584017292,201,1503,782,176,-0.3535963907980731,-0.5252916943488201,-0.5897920095153849,True,False,False,False,False,False,False,False,False,False,False,False,False,True,False,False,False,False,False,False,True,False,False,False,False,False,False,False,False,False,False,True,False,False,False,False,False,False,False,False,False,False,False,False,0,Normal,-0.5719402927349728,-0.7249201584017292
-0.4400626939434379,-0.0531934393103189,863,7736,3768,774,-0.3535963907980731,-0.5283891157436478,-0.5662455383593891,True,False,False,False,False,False,False,False,False,False,False,False,False,True,False,False,False,False,False,False,True,False,False,False,False,False,False,False,False,True,False,False,False,False,False,False,False,False,False,False,False,False,False,False,0,Normal,-0.4400626939434379,-0.05319343931031885
-0.5829887831544239,-0.7330499825359671,194,1041,576,169,-0.3063367822979297,-0.5283891157436478,-0.5897920095153849,True,False,False,False,False,False,False,False,False,False,False,False,False,True,False,False,False,False,False,False,True,False,False,False,False,False,False,False,False,True,False,False,False,False,False,False,False,False,False,False,False,False,False,False,0,Normal,-0.5829887831544239,-0.7330499825359671
-0.5832969083852453,-0.717806562284271,206,1249,588,182,-0.3535963907980731,-0.5159994301643371,-0.6133384806713809,True,False,False,False,False,False,False,False,False,False,False,False,False,True,False,False,False,False,False,False,True,False,False,False,False,False,False,False,True,False,False,False,False,False,False,False,False,False,False,False,False,False,False,False,0,Normal,-0.5832969083852453,-0.717806562284271
-0.5740971693507223,-0.717806562284271,192,1351,717,180,-0.2590771737977863,-0.4633432664522672,-0.5426990672033931,True,False,False,False,False,False,False,False,False,False,False,False,False,True,False,False,False,False,False,False,True,False,False,False,False,False,True,False,False,False,False,False,False,False,False,False,False,False,False,False,False,False,False,False,0,Normal,-0.5740971693507223,-0.717806562284271
-0.4495705582087822,-0.5043986787605249,388,6951,3290,377,-0.3535963907980731,-0.3766154673970932,-0.354327297955426,True,False,False,False,False,False,False,False,False,False,False,False,False,True,False,False,False,False,False,False,True,False,True,False,False,False,False,False,False,False,False,False,False,False,False,False,False,False,False,False,False,False,False,False,0,Normal,-0.4495705582087822,-0.5043986787605249
-0.4066971332344982,-0.7279688424520684,182,7196,3324,173,-0.3535963907980731,-0.4509535808729566,-0.2601414133314425,False,False,False,False,False,False,False,False,False,False,False,False,False,True,False,False,False,False,False,True,False,False,False,False,False,False,False,False,False,False,True,False,False,False,False,False,False,False,False,False,False,False,False,False,0,Normal,-0.4066971332344982,-0.7279688424520684
-0.564457251415026,-0.72187147435139,189,2195,934,184,-0.1645579567974994,-0.4509535808729566,-0.5662455383593891,True,False,False,False,False,False,False,False,False,False,False,False,False,True,False,False,False,False,False,True,False,False,False,False,False,False,False,False,True,False,False,False,False,False,False,False,False,False,False,False,False,False,False,False,0,Normal,-0.564457251415026,-0.72187147435139
-0.2204134222579374,0.5687381069588839,1426,13838,7020,1292,-0.3535963907980731,-0.1505037055746752,-0.0482231729274795,False,True,False,True,False,False,False,False,False,False,False,False,False,True,False,False,False,False,False,True,False,False,False,True,False,False,False,False,False,False,False,False,False,False,False,False,False,False,False,False,False,False,False,False,0,Normal,-0.2204134222579374,0.5687381069588842
-0.4351326902502964,-0.5003337666934059,374,6677,2992,351,-0.1645579567974994,-0.3115696181057127,-0.1895019998634548,True,False,False,False,False,False,False,False,False,False,False,False,False,True,False,False,False,False,True,False,False,False,False,False,False,False,False,False,False,False,True,False,False,False,False,False,False,False,False,False,False,False,False,True,0,Normal,-0.4351326902502964,-0.5003337666934059
2.4248857022334125,0.1134679554415589,975,17842,8032,635,0.3552977367040782,-0.1071398060470882,0.3991597790364423,False,False,False,False,False,False,False,False,False,False,False,False,False,True,False,False,False,False,True,False,False,False,False,True,False,False,False,False,False,False,False,False,False,False,False,False,False,False,False,False,False,False,False,False,1,Above Average,2.4248857022334125,0.11346795544155897
-0.0330732819185606,1.6489884887957509,2438,20547,10280,2278,-0.2590771737977863,0.1530435911184338,0.2107880097884752,False,True,False,False,True,False,False,False,False,False,False,False,False,True,False,False,False,True,False,False,False,False,False,False,False,False,False,False,False,False,True,False,False,False,False,False,False,False,False,False,False,False,False,False,1,Above Average,-0.03307328191856059,1.648988488795751
0.7585444539515878,5.328750137555201,5934,35977,18048,4376,2.4819801192105326,2.1106139126495047,1.482297452212253,False,True,False,True,False,False,False,False,False,False,False,False,False,True,False,False,False,True,False,False,False,False,True,False,False,False,False,False,False,False,False,False,False,False,False,False,False,False,False,False,False,False,False,True,2,Viral,0.7585444539515878,5.328750137555202
0.1264475518666605,-0.2096925538943993,440,11860,6200,590,0.1189996942033611,0.6176568003425804,0.7759033175323764,True,False,False,False,True,False,False,False,False,False,False,False,False,True,False,False,True,False,False,False,False,False,False,False,False,False,False,False,False,False,True,False,False,False,False,False,False,False,False,False,False,False,False,True,0,Normal,0.1264475518666605,-0.20969255389439928
1.6212951002513492,0.5504460026568485,1450,46252,15552,1275,-0.2118175652976428,-0.4230767883195078,-0.4249667114234137,True,False,False,False,False,False,False,False,False,False,False,False,False,True,False,False,True,False,False,False,False,False,False,True,False,False,False,False,False,False,False,False,False,False,False,False,False,False,False,False,False,False,False,True,1,Above Average,1.6212951002513492,0.5504460026568487
-0.3776453257570572,-0.3987109650154316,483,8627,4054,448,-0.0700387397972125,-0.3146670395005403,-0.3072343556434342,True,False,False,False,False,False,False,False,False,False,False,False,False,True,False,False,False,False,False,False,False,False,False,False,False,False,False,False,False,False,True,False,False,False,False,False,False,False,False,False,False,False,False,True,0,Normal,-0.3776453257570572,-0.3987109650154316
0.1856075961843584,-0.5074473628108641,282,4401,2616,327,-0.3535963907980731,0.0353415781149834,-0.2836878844874384,True,False,False,False,True,False,False,False,False,False,False,False,False,True,False,False,False,False,False,False,False,False,False,True,False,False,False,False,False,False,False,False,False,False,False,False,False,False,False,False,False,False,False,False,0,Normal,0.1856075961843584,-0.5074473628108641
-0.5111515864829336,-0.6273622687908739,243,3020,1723,253,-0.3535963907980731,-0.3022773539212297,-0.3072343556434342,True,False,False,False,True,False,False,False,False,False,False,False,False,True,False,False,False,False,False,False,False,True,False,False,False,False,False,False,False,False,True,False,False,False,False,False,False,False,False,False,False,False,False,False,0,Normal,-0.5111515864829336,-0.6273622687908739
-0.1390683613211027,1.0636411511306187,1877,17502,8964,1834,-0.2118175652976428,-0.0916526990729499,0.0224162405405081,False,True,False,True,False,False,False,False,False,False,False,False,False,True,False,False,False,False,False,False,False,True,False,False,True,False,False,False,False,False,False,False,False,False,False,False,False,False,False,False,False,False,False,False,1,Above Average,-0.1390683613211027,1.063641151130619
-0.452827882077465,-0.8224780480125845,90,4263,2138,93,-0.3535963907980731,-0.4757329520315778,-0.3778737691114219,False,False,False,False,False,False,False,False,False,False,False,False,False,True,False,False,False,False,False,False,True,False,False,False,False,False,False,False,False,False,False,True,False,False,False,False,False,False,False,False,False,False,False,True,0,Normal,-0.452827882077465,-0.8224780480125845
1.1480147457097658,1.203880617446223,1921,70249,21328,1609,0.7806342132053692,0.3853501957305071,0.3285203655684546,True,False,False,False,False,False,False,False,False,False,False,False,False,True,False,False,False,False,False,False,True,False,False,False,True,False,False,False,False,False,False,False,False,False,False,False,False,False,False,False,False,False,False,False,1,Above Average,1.1480147457097658,1.2038806174462233
-0.4354848333712351,-0.4505385938711985,370,4406,2362,354,-0.2590771737977863,-0.0358991139660524,0.1166021251644916,True,False,False,True,False,False,False,False,False,False,False,False,False,True,False,False,False,False,False,True,False,False,False,False,False,False,False,False,False,False,False,True,False,False,False,False,False,False,False,False,False,False,False,False,0,Normal,-0.4354848333712351,-0.4505385938711985
-0.3230631420115621,-0.116199576350663,602,7682,4024,563,1.867605208708668,0.5588057938408552,0.5168921348164217,True,False,False,True,False,False,False,False,False,False,False,False,False,True,False,False,False,False,False,True,False,False,False,False,True,False,False,False,False,False,False,False,False,False,False,False,False,False,False,False,False,False,False,True,0,Normal,-0.3230631420115621,-0.11619957635066296
-0.2329145030512605,-0.1090859802332048,727,16890,7208,630,-0.0227791312970691,-0.0513862209401906,-0.0482231729274795,True,False,False,False,False,False,False,False,False,False,False,False,False,True,False,False,False,False,True,False,False,False,False,False,False,False,False,False,False,False,True,False,False,False,False,False,False,False,False,False,False,False,False,False,0,Normal,-0.2329145030512605,-0.10908598023320476
-0.3669049605684275,-0.1771732573574476,545,5696,3162,537,0.2607785197037914,0.4380063594425771,0.6581709617523971,True,False,False,True,False,False,False,False,False,False,False,False,False,True,False,False,False,False,True,False,False,False,False,False,False,False,False,False,False,False,False,False,False,False,False,False,False,False,False,False,False,False,False,False,0,Normal,-0.3669049605684275,-0.17717325735744757
-0.5378264278940385,-0.6080539364720587,295,1794,953,237,-0.3535963907980731,-0.3828103101867485,-0.2601414133314425,True,False,False,True,False,False,False,False,False,False,False,False,True,False,False,False,False,True,False,False,False,False,False,False,False,False,False,True,False,False,False,False,False,False,False,False,False,False,False,False,False,False,False,False,0,Normal,-0.5378264278940385,-0.6080539364720587
-0.4466653774610381,-0.4586684180054364,408,4935,2556,365,0.4025573452042217,-0.1876727623126069,0.0695091828524998,True,False,False,True,False,False,False,False,False,False,False,False,True,False,False,False,True,False,False,False,False,False,False,False,False,False,False,False,False,False,False,True,False,False,False,False,False,False,False,False,False,False,False,False,0,Normal,-0.4466653774610381,-0.4586684180054364
-0.4950850565901064,-0.5389504313310362,309,3273,1722,309,-0.3063367822979297,-0.1938676051022622,-0.142409057551463,True,False,False,False,True,False,False,False,False,False,False,False,True,False,False,False,True,False,False,False,False,False,True,False,False,False,False,False,False,False,False,False,False,False,False,False,False,False,False,False,False,False,False,False,0,Normal,-0.4950850565901064,-0.5389504313310362
-0.3881215836049829,-0.3031855314381357,509,6200,3298,489,1.0641918642062298,0.0291467353253281,0.1872415386324793,True,False,False,True,False,False,False,False,False,False,False,False,True,False,False,False,False,False,False,False,False,False,False,False,False,False,False,False,False,False,True,False,False,False,False,False,False,False,False,False,False,False,False,False,0,Normal,-0.3881215836049829,-0.3031855314381357
-0.5215398085506245,-0.5836644640693449,288,2970,1507,277,-0.3063367822979297,-0.2898876683419192,-0.3307808267994301,True,False,False,True,False,False,False,False,False,False,False,False,True,False,False,False,False,False,False,False,False,False,False,True,False,False,False,False,False,False,False,False,False,False,False,False,False,False,False,False,False,False,False,True,0,Normal,-0.5215398085506245,-0.5836644640693449
-0.198932691880678,-0.1659947491728704,452,11148,7020,604,-0.0700387397972125,0.5742929008149934,0.3049738944124587,True,False,False,False,True,False,False,False,False,False,False,False,True,False,False,False,False,False,False,False,False,True,False,False,False,False,False,False,False,True,False,False,False,False,False,False,False,False,False,False,False,False,False,False,0,Normal,-0.198932691880678,-0.16599474917287038
-0.4362771553933471,-0.3275750038408496,447,4428,2420,435,-0.0700387397972125,0.2056997548305038,0.1166021251644916,True,False,False,True,False,False,False,False,False,False,False,False,True,False,False,False,False,False,False,False,False,True,False,True,False,False,False,False,False,False,False,False,False,False,False,False,False,False,False,False,False,False,False,False,0,Normal,-0.4362771553933471,-0.3275750038408496
-0.2813341821803287,-0.1538000129715135,614,5503,3260,530,0.6861149962050823,0.3481811389925754,1.67066922146022,True,False,False,False,True,False,False,False,False,False,False,False,True,False,False,False,False,False,False,False,True,False,False,False,False,False,False,False,False,False,True,False,False,False,False,False,False,False,False,False,False,False,False,False,0,Normal,-0.2813341821803287,-0.15380001297151347
-0.1235740639998009,0.9376288770499308,1724,16095,8120,1604,-0.1645579567974994,0.2026023334356761,0.3285203655684546,False,True,False,True,False,False,False,False,False,False,False,False,True,False,False,False,False,False,False,False,True,False,False,False,True,False,False,False,False,False,False,False,False,False,False,False,False,False,False,False,False,False,False,False,1,Above Average,-0.12357406399980089,0.937628877049931
-0.5653376092173726,-0.6649627054117243,251,1705,870,204,-0.3535963907980731,-0.4943174804005437,-0.6368849518273767,True,False,False,False,False,False,False,False,False,False,False,False,True,False,False,False,False,False,False,True,False,False,False,False,False,False,False,False,False,False,True,False,False,False,False,False,False,False,False,False,False,False,False,False,0,Normal,-0.5653376092173726,-0.6649627054117243
-0.4891866593143835,-0.4932201705759477,360,3501,1999,351,-0.3535963907980731,-0.2000624478919175,-0.1895019998634548,True,False,False,True,False,False,False,False,False,False,False,False,True,False,False,False,False,False,False,True,False,False,False,True,False,False,False,False,False,False,False,False,False,False,False,False,False,False,False,False,False,False,False,True,0,Normal,-0.4891866593143835,-0.4932201705759477
-0.002084687275957,-0.4078570171664493,450,26832,9064,389,-0.2590771737977863,-0.3115696181057127,-0.5191525960473973,True,False,False,False,False,False,False,False,False,False,False,False,True,False,False,False,False,False,True,False,False,False,False,False,False,False,False,False,False,False,True,False,False,False,False,False,False,False,False,False,False,False,False,True,0,Normal,-0.002084687275956993,-0.4078570171664493
-0.1388922897606334,-0.028803966907605,498,13674,7624,704,0.0244804772030742,0.952178310983966,0.87008920215636,True,False,False,False,True,False,False,False,False,False,False,False,True,False,False,False,False,False,True,False,False,False,True,False,False,False,False,False,False,False,False,False,False,False,False,False,False,False,False,False,False,False,False,True,0,Normal,-0.1388922897606334,-0.028803966907604946
1.2360505259444352,2.4894090586725985,2420,34802,20928,2126,6.45178723322258,4.473946436902997,4.260781048619768,True,False,False,False,False,False,False,False,False,False,False,False,True,False,False,False,False,True,False,False,False,False,False,False,False,False,False,False,False,False,True,False,False,False,False,False,False,False,False,False,False,False,False,False,2,Viral,1.2360505259444352,2.489409058672599
-0.5009834538658292,-0.4728956102403528,390,3031,1674,333,-0.0700387397972125,-0.2434263474195045,-0.2601414133314425,True,False,False,True,False,False,False,False,False,False,False,False,True,False,False,False,False,True,False,False,False,False,True,False,False,False,False,False,False,False,False,False,False,False,False,False,False,False,False,False,False,False,False,True,0,Normal,-0.5009834538658292,-0.4728956102403528
-0.4147964250160877,-0.3539969322771229,430,5014,2704,416,-0.2118175652976428,0.0322441567201557,-0.0246767017714836,True,False,False,False,True,False,False,False,False,False,False,False,True,False,False,False,True,False,False,False,False,False,False,False,False,False,False,False,False,True,False,False,False,False,False,False,False,False,False,False,False,False,False,False,0,Normal,-0.4147964250160877,-0.3539969322771229
-0.5440769682907,-0.5694372718344285,334,2373,1228,267,-0.2590771737977863,-0.4571484236626119,-0.4956061248914014,True,False,False,False,False,False,False,False,False,False,False,False,True,False,False,False,True,False,False,False,False,False,True,False,False,False,False,False,False,False,False,False,False,False,False,False,False,False,False,False,False,False,False,False,0,Normal,-0.5440769682907,-0.5694372718344285
0.3236476995923202,3.983264243338821,4754,35455,17592,4318,1.442268732207377,-0.0451913781505353,-0.0011302306154877,False,True,False,True,False,False,False,False,False,False,False,False,True,False,False,False,False,False,False,False,False,False,False,False,False,False,False,False,False,False,True,False,False,False,False,False,False,False,False,False,False,False,False,False,1,Above Average,0.3236476995923202,3.9832642433388212
-0.4146203534556184,-0.3814350887301759,424,4208,2412,382,-0.0700387397972125,0.0043673641667069,0.3049738944124587,True,False,False,False,False,False,False,False,False,False,False,False,True,False,False,False,False,False,False,False,False,False,False,False,True,False,False,False,False,False,False,False,False,False,False,False,False,False,False,False,False,False,False,False,0,Normal,-0.4146203534556184,-0.3814350887301759
-0.4184058920057092,-0.341802196075766,446,4799,2616,431,-0.117298348297356,0.081802899037398,0.1636950674764834,True,False,False,True,False,False,False,False,False,False,False,False,True,False,False,False,False,False,False,False,False,True,False,True,False,False,False,False,False,False,False,False,False,False,False,False,False,False,False,False,False,False,False,False,0,Normal,-0.4184058920057092,-0.341802196075766
-0.0302561369510512,1.783130587010677,2584,19599,10232,2342,-0.2590771737977863,-0.03899653536088,-0.1188625863954671,False,True,False,True,False,False,False,False,False,False,False,False,True,False,False,False,False,False,False,False,True,False,False,False,False,False,False,False,False,False,True,False,False,False,False,False,False,False,False,False,False,False,False,True,1,Above Average,-0.030256136951051192,1.7831305870106773
0.3697784484352871,0.8990122124123004,984,22864,13304,1349,1.0169322557060865,2.6929291348771014,1.67066922146022,True,False,False,False,True,False,False,False,False,False,False,False,True,False,False,False,False,False,False,False,True,False,False,True,False,False,False,False,False,False,False,False,False,False,False,False,False,False,False,False,False,False,False,True,1,Above Average,0.3697784484352871,0.8990122124123007
-0.3387335108933333,-0.2808285150689814,473,6866,4016,495,-0.2590771737977863,0.1747255408822273,0.3049738944124587,True,False,False,False,False,False,False,False,False,False,False,False,True,False,False,False,False,False,False,True,False,False,False,False,False,False,False,False,False,False,False,True,False,False,False,False,False,False,False,False,False,False,False,False,0,Normal,-0.3387335108933333,-0.2808285150689814
-0.413123745191629,-0.2991206193710167,482,4215,2254,439,-0.0227791312970691,0.2242842831994696,0.3520668367244505,True,False,False,True,False,False,False,False,False,False,False,False,True,False,False,False,False,False,False,True,False,False,True,False,False,False,False,False,False,False,False,False,False,False,False,False,False,False,False,False,False,False,False,False,0,Normal,-0.413123745191629,-0.2991206193710167
-0.4543244903414544,-0.3895649128644139,430,3857,2124,404,-0.1645579567974994,-0.0730681707039841,0.2107880097884752,True,False,False,True,False,False,False,False,False,False,False,False,True,False,False,False,False,False,True,False,False,False,False,False,False,False,False,False,False,False,True,False,False,False,False,False,False,False,False,False,False,False,False,False,0,Normal,-0.4543244903414544,-0.3895649128644139
-0.2103773433111851,0.5646731948917649,1397,13887,7092,1331,0.5915957792047954,-0.0854578562832946,0.045962711696504,False,True,False,True,False,False,False,False,False,False,False,False,True,False,False,False,False,False,True,False,False,False,False,False,True,False,False,False,False,False,False,False,False,False,False,False,False,False,False,False,False,False,False,True,0,Normal,-0.2103773433111851,0.5646731948917652
0.010944608198774,-0.294039479287118,549,19409,6632,404,-0.1645579567974994,-0.2341340832350216,-0.4485131825794096,True,False,False,False,False,False,False,False,False,False,False,False,True,False,False,False,False,True,False,False,False,False,False,False,False,False,False,False,False,False,True,False,False,False,False,False,False,False,False,False,False,False,False,False,0,Normal,0.010944608198774007,-0.294039479287118
-0.4244803608419014,-0.337737284008647,435,4578,2432,436,-0.3063367822979297,0.1499461697236062,0.3991597790364423,True,False,False,False,True,False,False,False,False,False,False,False,True,False,False,False,False,True,False,False,False,False,True,False,False,False,False,False,False,False,False,False,False,False,False,False,False,False,False,False,False,False,False,True,0,Normal,-0.4244803608419014,-0.337737284008647
0.7360072942115123,1.17847491702673,1956,32033,15744,1376,-0.0700387397972125,0.5185393157080959,2.2122380580481256,False,False,True,False,False,False,False,False,False,False,False,False,True,False,False,False,True,False,False,False,False,False,False,False,False,False,False,False,False,False,True,False,False,False,False,False,False,False,False,False,False,False,False,False,1,Above Average,0.7360072942115123,1.1784749170267301
-0.5079822983944855,-0.535901747280697,348,3332,1788,297,0.1662593027035045,-0.3394464106591615,-0.3778737691114219,True,False,False,True,False,False,False,False,False,False,False,False,True,False,False,False,True,False,False,False,False,False,False,True,False,False,False,False,False,False,False,False,False,False,False,False,False,False,False,False,False,False,False,False,0,Normal,-0.5079822983944855,-0.535901747280697
-0.5137486419998564,-0.5552100795995121,335,3247,1740,278,-0.3535963907980731,-0.3580309390281273,-0.4014202402674178,True,False,False,False,False,False,False,False,False,False,False,False,True,False,False,False,False,False,False,False,False,False,False,False,False,False,False,False,False,False,True,False,False,False,False,False,False,False,False,False,False,False,False,False,0,Normal,-0.5137486419998564,-0.5552100795995121
-0.4338121535467764,-0.3824513167469557,405,4046,2280,368,-0.117298348297356,0.1406539055391233,0.1872415386324793,True,False,False,True,False,False,False,False,False,False,False,False,True,False,False,False,False,False,False,False,False,False,False,False,False,False,True,False,False,False,False,False,False,False,False,False,False,False,False,False,False,False,False,False,0,Normal,-0.4338121535467764,-0.3824513167469557
-0.5325882989700756,-0.5999241123378207,280,2293,1354,234,-0.3535963907980731,-0.361128360422955,-0.4956061248914014,True,False,False,True,False,False,False,False,False,False,False,False,True,False,False,False,False,False,False,False,False,True,False,False,False,False,False,False,False,False,True,False,False,False,False,False,False,False,False,False,False,False,False,False,0,Normal,-0.5325882989700756,-0.5999241123378207
-0.5085105130758935,-0.5582587636498513,298,3112,1791,288,-0.3063367822979297,-0.2279392404453663,-0.354327297955426,True,False,False,False,True,False,False,False,False,False,False,False,True,False,False,False,False,False,False,False,False,True,False,False,True,False,False,False,False,False,False,False,False,False,False,False,False,False,False,False,False,False,False,True,0,Normal,-0.5085105130758935,-0.5582587636498513
-0.4755411133780097,-0.408873245183229,422,3927,2274,367,-0.2118175652976428,-0.0978475418626052,-0.2836878844874384,True,False,False,True,False,False,False,False,False,False,False,False,True,False,False,False,True,False,False,False,False,False,False,False,False,False,False,False,False,False,True,False,False,False,False,False,False,False,False,False,False,False,False,False,0,Normal,-0.4755411133780097,-0.408873245183229
-0.5081143520648375,-0.492203942559168,365,2757,1603,300,-0.2590771737977863,-0.2341340832350216,-0.2836878844874384,True,False,False,False,True,False,False,False,False,False,False,False,True,False,False,False,True,False,False,False,False,False,False,True,False,False,False,False,False,False,False,False,False,False,False,False,False,False,False,False,False,False,False,True,0,Normal,-0.5081143520648375,-0.492203942559168
0.252866932283646,0.445774516928535,695,24034,13528,1020,0.0717400857032177,1.8225537229305335,0.3756133078804464,True,False,False,False,True,False,False,False,False,False,False,True,False,False,False,False,False,False,False,False,False,False,False,False,False,False,False,False,False,False,True,False,False,False,False,False,False,False,False,False,False,False,False,False,0,Normal,0.252866932283646,0.4457745169285351
-0.5109755149224642,-0.5521613955491729,324,3121,1882,269,-0.3535963907980731,-0.3549335176332997,-0.4720596537354055,True,False,False,True,False,False,False,False,False,False,False,True,False,False,False,False,False,False,False,False,False,False,False,False,True,False,False,False,False,False,False,False,False,False,False,False,False,False,False,False,False,False,False,False,0,Normal,-0.5109755149224642,-0.5521613955491729
-0.4388301930201525,-0.4149706132839075,437,5010,3082,384,-0.2118175652976428,-0.2000624478919175,-0.2365949421754466,True,False,False,True,False,False,False,False,False,False,False,True,False,False,False,False,False,False,False,False,False,True,False,False,False,False,False,False,False,False,True,False,False,False,False,False,False,False,False,False,False,False,False,True,0,Normal,-0.4388301930201525,-0.4149706132839075
0.90714885098771,0.7577565180799162,1333,54860,22816,1278,-0.0700387397972125,0.8189891910063771,0.3520668367244505,True,False,False,False,False,False,False,False,False,False,False,True,False,False,False,False,False,False,False,False,False,True,False,True,False,False,False,False,False,False,False,False,False,False,False,False,False,False,False,False,False,False,False,False,1,Above Average,0.90714885098771,0.7577565180799164
-0.3794940771419853,-0.2208710620789765,530,5123,3244,470,0.0717400857032177,0.3110120822546436,0.3756133078804464,True,False,False,True,False,False,False,False,False,False,False,True,False,False,False,False,False,False,False,False,True,False,False,False,False,False,False,False,False,False,True,False,False,False,False,False,False,False,False,False,False,False,False,False,0,Normal,-0.3794940771419853,-0.22087106207897647
-0.5323682095194889,-0.5298043791800184,359,2541,1435,289,-0.2590771737977863,-0.351836096238472,-0.4720596537354055,True,False,False,False,False,False,False,False,False,False,False,True,False,False,False,False,False,False,False,False,True,False,False,False,False,False,False,False,True,False,False,False,False,False,False,False,False,False,False,False,False,False,False,False,0,Normal,-0.5323682095194889,-0.5298043791800184
-0.5274822237164648,-0.5643561317505298,331,2541,1519,251,-0.3063367822979297,-0.3890051529764037,-0.4720596537354055,True,False,False,True,False,False,False,False,False,False,False,True,False,False,False,False,False,False,False,True,False,False,False,False,False,False,False,False,False,False,False,False,False,True,False,False,False,False,False,False,False,False,False,False,0,Normal,-0.5274822237164648,-0.5643561317505298
-0.5259856154524754,-0.5735021839015474,333,3295,1772,252,-0.3535963907980731,-0.4571484236626119,-0.5897920095153849,True,False,False,False,False,False,False,False,False,False,False,True,False,False,False,False,False,False,True,False,False,False,False,False,False,False,False,False,False,True,False,False,False,False,False,False,False,False,False,False,False,False,False,True,0,Normal,-0.5259856154524754,-0.5735021839015474
0.8641873902331911,1.050430186912482,1016,50076,24448,1564,1.20597068970666,3.027450645518487,1.7648551060842037,True,False,False,False,True,False,False,False,False,False,False,True,False,False,False,False,False,False,True,False,False,False,False,False,False,False,False,False,False,False,True,False,False,False,False,False,False,False,False,False,False,False,False,False,1,Above Average,0.8641873902331911,1.0504301869124821
-0.4269453626884721,-0.4291978055188239,408,5161,2974,387,-0.2590771737977863,-0.1195294916263987,-0.0482231729274795,True,False,False,True,False,False,False,False,False,False,False,True,False,False,False,False,False,False,True,False,False,False,False,True,False,False,False,False,False,False,False,False,False,False,False,False,False,False,False,False,False,False,False,True,0,Normal,-0.4269453626884721,-0.4291978055188239
-0.4633921757056253,-0.5003337666934059,409,5700,2806,331,-0.3535963907980731,-0.4261742097143355,-0.5191525960473973,True,False,False,False,False,False,False,False,False,False,False,True,False,False,False,False,False,True,False,False,False,False,False,False,False,False,False,False,False,True,False,False,False,False,False,False,False,False,False,False,False,False,False,False,0,Normal,-0.4633921757056253,-0.5003337666934059
-0.2054473396180436,0.2343990894383484,1130,14014,7880,1075,-0.2590771737977863,-0.3859077315815761,-0.2836878844874384,False,True,False,True,False,False,False,False,False,False,False,True,False,False,False,False,False,True,False,False,False,False,True,False,False,False,False,False,False,False,False,False,False,False,False,False,False,False,False,False,False,False,False,True,0,Normal,-0.2054473396180436,0.23439908943834847
2.595322972767733,0.026072345998501,759,122474,30912,646,-0.1645579567974994,0.1313616413546403,-0.1895019998634548,True,False,False,False,True,False,False,False,False,False,False,True,False,False,False,False,True,False,False,False,False,False,False,False,False,False,False,False,False,False,True,False,False,False,False,False,False,False,False,False,False,False,False,False,1,Above Average,2.595322972767733,0.02607234599850106
-0.4641844977277373,-0.5348855192639171,323,4200,2426,298,-0.2590771737977863,-0.1969650264970898,-0.2601414133314425,True,False,False,False,True,False,False,False,False,False,False,True,False,False,False,False,True,False,False,False,False,False,False,True,False,False,False,False,False,False,False,False,False,False,False,False,False,False,False,False,False,False,False,False,0,Normal,-0.4641844977277373,-0.5348855192639171
-0.4687623582999402,-0.5582587636498513,344,5069,2846,283,-0.3535963907980731,-0.4292716311091631,-0.5662455383593891,True,False,False,False,False,False,False,False,False,False,False,True,False,False,False,False,False,False,False,False,False,False,False,False,False,False,False,False,False,False,False,False,True,False,False,False,False,False,False,False,False,False,False,True,0,Normal,-0.4687623582999402,-0.5582587636498513
1.617069382800085,1.3410713997114887,1577,92348,34880,1790,-0.1645579567974994,2.1106139126495047,0.9642750867803436,True,False,False,False,False,False,False,False,False,False,False,True,False,False,False,False,False,False,False,False,False,False,False,True,False,False,False,False,False,False,False,False,False,False,False,False,False,False,False,False,False,False,False,False,1,Above Average,1.617069382800085,1.341071399711489
-0.4476337710436195,-0.3976947369986519,434,4831,2868,389,-0.117298348297356,-0.125724334416054,-0.1659555287074589,True,False,False,True,False,False,False,False,False,False,False,True,False,False,False,False,False,False,False,False,False,True,False,False,False,False,False,False,False,False,True,False,False,False,False,False,False,False,False,False,False,False,False,False,0,Normal,-0.4476337710436195,-0.3976947369986519
-0.4978141657773811,-0.5826482360525651,315,3418,2067,248,-0.3063367822979297,-0.3828103101867485,-0.3778737691114219,True,False,False,False,True,False,False,False,False,False,False,True,False,False,False,False,False,False,False,False,False,True,False,True,False,False,False,False,False,False,False,False,False,False,False,False,False,False,False,False,False,False,False,False,0,Normal,-0.4978141657773811,-0.5826482360525651
-0.5137486419998564,-0.5531776235659526,322,2205,1306,257,-0.2590771737977863,-0.3208618822901956,-0.1188625863954671,True,False,False,True,False,False,False,False,False,False,False,True,False,False,False,False,False,False,False,False,True,False,False,False,False,False,False,False,False,False,True,False,False,False,False,False,False,False,False,False,False,False,False,True,0,Normal,-0.5137486419998564,-0.5531776235659526
0.3616791566536975,0.0596078705522325,906,46700,17528,796,-0.0700387397972125,-0.2465237688143321,-0.5662455383593891,True,False,False,False,True,False,False,False,False,False,False,True,False,False,False,False,False,False,False,False,True,False,False,True,False,False,False,False,False,False,False,False,False,False,False,False,False,False,False,False,False,False,False,True,0,Normal,0.3616791566536975,0.059607870552232566
-0.2607338096054161,-0.2950557073038978,398,9342,5372,467,-0.2590771737977863,0.2676481827270566,-0.142409057551463,True,False,False,False,True,False,False,False,False,False,False,True,False,False,False,False,False,False,False,True,False,False,False,False,False,False,False,False,False,False,True,False,False,False,False,False,False,False,False,False,False,False,False,False,0,Normal,-0.2607338096054161,-0.2950557073038978
-0.5389708930370891,-0.5846806920861246,321,1604,915,239,-0.2118175652976428,-0.4385638952936461,-0.3778737691114219,True,False,False,True,False,False,False,False,False,False,False,True,False,False,False,False,False,False,False,True,False,False,False,False,False,False,False,False,False,False,False,False,False,False,False,False,False,False,False,False,False,False,False,False,0,Normal,-0.5389708930370891,-0.5846806920861246
-0.5677145752837087,-0.6537841972271471,268,1055,651,187,-0.3063367822979297,-0.5159994301643371,-0.5662455383593891,True,False,False,False,True,False,False,False,False,False,False,True,False,False,False,False,False,False,True,False,False,False,False,False,False,False,False,False,False,False,False,True,False,False,False,False,False,False,False,False,False,False,False,True,0,Normal,-0.5677145752837087,-0.6537841972271471
-0.0517368673283106,-0.0775829117130327,461,15779,8844,657,-0.1645579567974994,0.7973072412425837,0.0930556540084957,True,False,False,False,True,False,False,False,False,False,False,True,False,False,False,False,False,False,True,False,False,False,False,True,False,False,False,False,False,False,False,False,False,False,False,False,False,False,False,False,False,False,False,True,0,Normal,-0.05173686732831059,-0.07758291171303267
0.6592400938468805,0.1439547959449512,991,40181,15808,740,-0.2590771737977863,-0.1969650264970898,-0.4014202402674178,True,False,False,False,False,False,False,False,False,False,False,True,False,False,False,False,False,True,False,False,False,False,False,False,False,False,False,False,False,False,True,False,False,False,False,False,False,False,False,False,False,False,False,False,0,Normal,0.6592400938468805,0.14395479594495128
-0.5534527788856922,-0.5663885877840892,351,1475,827,230,-0.2590771737977863,-0.4974149017953713,-0.4249667114234137,True,False,False,True,False,False,False,False,False,False,False,True,False,False,False,False,False,True,False,False,False,False,False,False,True,False,False,False,False,False,False,False,False,False,False,False,False,False,False,False,False,False,False,False,0,Normal,-0.5534527788856922,-0.5663885877840892
0.0229174743106891,-0.6263460407740941,286,25539,14056,291,1.5840475577078077,-0.5036097445850266,-0.6133384806713809,False,True,False,True,False,False,False,False,False,False,False,True,False,False,False,False,True,False,False,False,False,False,False,False,False,False,False,False,False,False,False,False,True,False,False,False,False,False,False,False,False,False,False,False,0,Normal,0.022917474310689107,-0.6263460407740941
0.0130574669244061,0.4803262694990462,1354,25610,13376,1233,-0.2118175652976428,-0.2805954041574362,-0.4014202402674178,True,False,False,False,False,False,False,False,False,False,False,True,False,False,False,False,True,False,False,False,False,False,False,False,False,False,False,True,False,False,False,False,False,False,False,False,False,False,False,False,False,False,False,False,1,Above Average,0.013057466924406107,0.48032626949904633
-0.3590697761275419,-0.1538000129715135,632,7407,4288,584,0.4025573452042217,0.1530435911184338,0.0224162405405081,True,False,False,False,True,False,False,False,False,False,False,True,False,False,False,False,False,False,False,False,False,False,False,False,False,False,False,False,False,False,False,False,True,False,False,False,False,False,False,False,False,False,False,False,0,Normal,-0.3590697761275419,-0.15380001297151347
-0.5001911318437172,-0.539966659347816,330,3655,2063,279,-0.2590771737977863,-0.2836928255522639,-0.4485131825794096,True,False,False,True,False,False,False,False,False,False,False,True,False,False,False,False,False,False,False,False,False,False,False,False,True,False,False,False,False,False,False,False,False,False,False,False,False,False,False,False,False,False,False,False,0,Normal,-0.5001911318437172,-0.539966659347816
-0.421663215874392,-0.3783864046798367,431,4972,3008,401,-0.0700387397972125,0.0043673641667069,-0.0011302306154877,True,False,False,False,True,False,False,False,False,False,False,True,False,False,False,False,False,False,False,False,False,True,False,False,False,False,False,False,False,False,True,False,False,False,False,False,False,False,False,False,False,False,False,False,0,Normal,-0.421663215874392,-0.3783864046798367
-0.2484088003725623,0.0778999748542679,953,12905,7360,956,-0.3063367822979297,-0.3208618822901956,-0.3778737691114219,False,True,False,True,False,False,False,False,False,False,False,True,False,False,False,False,False,False,False,False,False,True,False,False,True,False,False,False,False,False,False,False,False,False,False,False,False,False,False,False,False,False,False,False,0,Normal,-0.2484088003725623,0.07789997485426797
0.27575623514466,2.4894090586725985,3244,26881,15056,2806,0.4970765622045086,0.4782728375753364,0.6346244905964011,False,True,False,True,False,False,False,False,False,False,False,True,False,False,False,False,False,False,False,False,True,False,False,False,False,False,False,False,False,False,True,False,False,False,False,False,False,False,False,False,False,False,False,True,1,Above Average,0.27575623514466,2.489409058672599
-0.3898822992096762,-0.3987109650154316,477,7723,4184,421,-0.2590771737977863,-0.3022773539212297,-0.142409057551463,True,False,False,False,False,False,False,False,False,False,False,True,False,False,False,False,False,False,False,False,True,False,False,False,False,False,True,False,False,False,False,False,False,False,False,False,False,False,False,False,False,False,False,False,0,Normal,-0.3898822992096762,-0.3987109650154316
0.061301074493005,1.937597245561198,2781,22103,13296,2602,0.0717400857032177,-0.2558160329988151,-0.2365949421754466,False,True,False,True,False,False,False,False,False,False,True,False,False,False,False,False,False,False,False,True,False,False,False,False,False,False,False,False,False,False,False,False,False,False,True,False,False,False,False,False,False,False,False,False,1,Above Average,0.06130107449300501,1.9375972455611983
-0.4617194958811666,-0.4546035059383175,342,4518,2390,360,-0.2118175652976428,0.0322441567201557,-0.0246767017714836,True,False,False,False,True,False,False,False,False,False,True,False,False,False,False,False,False,False,False,True,False,False,False,False,False,False,False,False,True,False,False,False,False,False,False,False,False,False,False,False,False,False,False,True,0,Normal,-0.4617194958811666,-0.4546035059383175
3.588366573814805,-0.2249359741460955,575,78287,22016,417,-0.0700387397972125,-0.2124521334712281,-0.3778737691114219,True,False,False,False,False,False,False,False,False,False,True,False,False,False,False,False,False,False,True,False,False,False,False,False,False,False,False,False,False,False,True,False,False,False,False,False,False,False,False,False,False,False,False,True,1,Above Average,3.588366573814805,-0.22493597414609548
0.040524630357623,-0.0531934393103189,591,13498,8560,650,2.6710185532111064,0.5866825863943039,-0.0482231729274795,True,False,False,True,False,False,False,False,False,False,True,False,False,False,False,False,False,False,True,False,False,False,False,True,False,False,False,False,False,False,False,False,False,False,False,False,False,False,False,False,False,False,False,False,0,Normal,0.04052463035762301,-0.05319343931031885
-0.4577578857706065,-0.48407411842493,374,4487,2730,348,0.0717400857032177,-0.2341340832350216,-0.1895019998634548,True,False,False,True,False,False,False,False,False,False,True,False,False,False,False,False,False,True,False,False,False,False,False,False,False,False,False,False,False,False,False,False,False,True,False,False,False,False,False,False,False,False,False,False,0,Normal,-0.4577578857706065,-0.48407411842493
-0.4877780868306288,-0.5043986787605249,351,3681,2020,327,-0.2590771737977863,-0.2000624478919175,-0.1659555287074589,True,False,False,False,True,False,False,False,False,False,True,False,False,False,False,False,True,False,False,False,False,False,False,False,False,False,False,False,False,False,False,False,False,False,False,False,False,False,False,False,False,False,True,False,0,Normal,-0.4877780868306288,-0.5043986787605249
-0.4811313854229112,-0.5735021839015474,297,3764,2208,266,-0.3535963907980731,-0.2589134543936427,-0.1659555287074589,True,False,False,False,True,False,False,False,False,False,True,False,False,False,False,False,True,False,False,False,False,False,False,False,False,False,False,False,False,False,False,False,False,True,False,False,False,False,False,False,False,False,False,False,0,Normal,-0.4811313854229112,-0.5735021839015474
-0.135546930111716,-0.7980885756098707,126,20030,10384,126,-0.0700387397972125,-0.5067071659798542,-0.6133384806713809,False,True,False,True,False,False,False,False,False,False,True,False,False,False,False,False,True,False,False,False,False,False,False,False,False,False,True,False,False,False,False,False,False,False,False,False,False,False,False,False,False,False,False,True,0,Normal,-0.135546930111716,-0.7980885756098707
-0.4098664213229462,-0.6100863925056181,289,3238,2100,222,-0.3063367822979297,-0.4168819455298526,-0.4014202402674178,True,False,False,False,False,False,False,False,False,False,True,False,False,False,False,False,False,False,False,False,False,False,False,False,False,False,False,False,False,False,False,True,False,False,False,False,False,False,False,False,False,False,False,False,0,Normal,-0.4098664213229462,-0.6100863925056181
-0.4721957537290923,-0.5572425356330716,319,3993,2426,279,-0.3063367822979297,-0.2465237688143321,-0.142409057551463,True,False,False,True,False,False,False,False,False,False,True,False,False,False,False,False,False,False,False,False,False,False,False,False,False,True,False,False,False,False,False,False,False,False,False,False,False,False,False,False,False,False,False,False,0,Normal,-0.4721957537290923,-0.5572425356330716
-0.1297365686162278,-0.8052021717273289,119,18838,10564,123,-0.2118175652976428,-0.5098045873746819,-0.6133384806713809,False,True,False,True,False,False,False,False,False,False,True,False,False,False,False,False,False,False,False,False,False,True,False,False,False,False,False,False,False,False,True,False,False,False,False,False,False,False,False,False,False,False,False,False,0,Normal,-0.1297365686162278,-0.8052021717273289
-0.1327297851442065,-0.0074631785552304,783,14425,8048,722,0.213518911203648,0.1840178050667103,0.4227062501924382,True,False,False,False,True,False,False,False,False,False,True,False,False,False,False,False,False,False,False,False,False,True,False,False,True,False,False,False,False,False,False,False,False,False,False,False,False,False,False,False,False,False,False,False,0,Normal,-0.1327297851442065,-0.0074631785552303435
-0.4537962756600464,-0.5043986787605249,354,4319,2468,309,-0.1645579567974994,-0.2031598692867451,-0.0953161152394713,True,False,False,True,False,False,False,False,False,False,True,False,False,False,False,False,False,False,False,False,True,False,False,False,False,False,False,False,False,False,True,False,False,False,False,False,False,False,False,False,False,False,False,False,0,Normal,-0.4537962756600464,-0.5043986787605249
-0.4630400325846867,-0.4769605223074718,395,4708,2508,344,-0.2590771737977863,-0.2372315046298492,-0.0482231729274795,True,False,False,False,False,False,False,False,False,False,True,False,False,False,False,False,False,False,False,False,True,False,True,False,False,False,False,False,False,False,False,False,False,False,False,False,False,False,False,False,False,False,False,False,0,Normal,-0.4630400325846867,-0.4769605223074718
-0.4316992948211443,-0.4403763137034011,406,4911,2826,355,0.1189996942033611,-0.1009449632574329,0.0930556540084957,True,False,False,True,False,False,False,False,False,False,True,False,False,False,False,False,False,False,False,True,False,False,False,False,False,False,False,False,False,False,False,True,False,False,False,False,False,False,False,False,False,False,False,True,0,Normal,-0.4316992948211443,-0.4403763137034011
0.2669526571211931,0.097208307173083,592,26701,14792,757,-0.0700387397972125,1.107049380725348,1.3174721541202818,True,False,False,False,True,False,False,False,False,False,True,False,False,False,False,False,False,False,False,True,False,False,False,True,False,False,False,False,False,False,False,False,False,False,False,False,False,False,False,False,False,False,False,False,0,Normal,0.2669526571211931,0.09720830717308307
-0.3966610542877458,-0.3905811408811936,460,7389,4206,428,-0.1645579567974994,-0.1845753409177793,-0.1188625863954671,True,False,False,False,False,False,False,False,False,False,True,False,False,False,False,False,False,False,True,False,False,False,False,False,False,False,False,False,False,False,False,True,False,False,False,False,False,False,False,False,False,False,False,False,0,Normal,-0.3966610542877458,-0.3905811408811936
0.152153999695184,1.6794753292991431,2448,23338,11800,1905,0.0717400857032177,0.9490808895891382,1.2232862694962985,False,True,False,True,False,False,False,False,False,False,True,False,False,False,False,False,False,False,True,False,False,False,False,False,False,False,True,False,False,False,False,False,False,False,False,False,False,False,False,False,False,False,False,False,1,Above Average,0.152153999695184,1.6794753292991433
0.3507627199045985,2.9995555230960296,3822,24667,12920,2218,0.4970765622045086,0.4256166738632665,1.1526468560283103,False,False,True,False,False,False,False,False,False,False,True,False,False,False,False,False,False,True,False,False,False,False,False,False,False,False,False,False,False,False,False,True,False,False,False,False,False,False,False,False,False,False,False,True,1,Above Average,0.3507627199045985,2.99955552309603
7.332352235634832,7.267713193570951,4010,108752,51456,3316,17.22697797125528,15.469792388541132,17.964827261409372,True,False,False,True,False,False,False,False,False,False,True,False,False,False,False,False,False,True,False,False,False,False,False,False,False,True,False,False,False,False,False,False,False,False,False,False,False,False,False,False,False,False,False,True,2,Viral,7.332352235634832,7.267713193570952
1.3452148934354256,0.1337925157771538,930,22904,14080,559,-0.1645579567974994,-0.0730681707039841,0.0695091828524998,True,False,False,False,False,False,False,False,False,False,True,False,False,False,False,False,True,False,False,False,False,False,False,False,False,False,False,False,False,False,False,False,False,True,False,False,False,False,False,False,False,False,False,False,0,Normal,1.3452148934354256,0.13379251577715387
-0.485181031313706,-0.3763539486462772,503,3840,2040,323,-0.3535963907980731,-0.3239593036850232,-0.2836878844874384,True,False,False,True,False,False,False,False,False,False,True,False,False,False,False,False,True,False,False,False,False,False,False,False,False,False,False,False,True,False,False,False,False,False,False,False,False,False,False,False,False,False,False,False,0,Normal,-0.485181031313706,-0.3763539486462772
-0.4596946729357692,-0.3855000007972949,482,4371,2260,314,-0.3535963907980731,-0.2527186116039874,-0.1895019998634548,True,False,False,True,False,False,False,False,False,False,True,False,False,False,False,False,False,False,False,False,False,False,False,False,False,False,False,False,False,False,False,False,True,False,False,False,False,False,False,False,False,False,False,False,0,Normal,-0.4596946729357692,-0.3855000007972949
-0.4620716390021053,-0.3550131602939027,512,4446,2598,355,-0.3063367822979297,-0.2465237688143321,-0.1895019998634548,True,False,False,False,True,False,False,False,False,False,True,False,False,False,False,False,False,False,False,False,False,False,False,False,False,False,True,False,False,False,False,False,False,False,False,False,False,False,False,False,False,False,False,False,0,Normal,-0.4620716390021053,-0.3550131602939027
-0.4974620226564424,-0.448506137837639,444,3342,1946,287,-0.3063367822979297,-0.3859077315815761,-0.3072343556434342,True,False,False,True,False,False,False,False,False,False,True,False,False,False,False,False,False,False,False,False,False,True,False,False,False,False,False,False,False,False,False,True,False,False,False,False,False,False,False,False,False,False,False,True,0,Normal,-0.4974620226564424,-0.448506137837639
-0.3545799513355738,-0.3031855314381357,570,6651,4212,383,-0.1645579567974994,-0.3301541464746785,-0.4014202402674178,True,False,False,False,False,False,False,False,False,False,True,False,False,False,False,False,False,False,False,False,False,True,False,False,False,False,True,False,False,False,False,False,False,False,False,False,False,False,False,False,False,False,False,True,0,Normal,-0.3545799513355738,-0.3031855314381357
0.5740214585797204,-0.0440473871593012,740,20270,10208,563,-0.0700387397972125,0.0508286850891216,0.1636950674764834,True,False,False,False,False,False,False,False,False,False,True,False,False,False,False,False,False,False,False,False,True,False,False,False,False,False,False,False,False,False,False,True,False,False,False,False,False,False,False,False,False,False,False,False,0,Normal,0.5740214585797204,-0.04404738715930115
-0.3790538982408119,-0.1670109771896501,646,5867,3404,516,-0.0700387397972125,0.1499461697236062,0.3520668367244505,True,False,False,False,True,False,False,False,False,False,True,False,False,False,False,False,False,False,False,False,True,False,False,False,False,True,False,False,False,False,False,False,False,False,False,False,False,False,False,False,False,False,False,False,0,Normal,-0.3790538982408119,-0.16701097718965008
0.0736260837258588,1.520943758681503,2327,19078,10840,1839,0.1662593027035045,0.1871152264615379,0.5639850771284135,False,True,False,True,False,False,False,False,False,False,True,False,False,False,False,False,False,False,False,True,False,False,False,False,False,False,False,False,False,False,False,False,True,False,False,False,False,False,False,False,False,False,False,True,1,Above Average,0.07362608372585881,1.5209437586815033
1.7762380734643677,0.7110100293080479,963,42128,24224,977,0.1189996942033611,1.7884820875874297,0.7288103752203847,True,False,False,False,True,False,False,False,False,False,True,False,False,False,False,False,False,False,False,True,False,False,False,True,False,False,False,False,False,False,False,False,False,False,False,False,False,False,False,False,False,False,False,False,1,Above Average,1.7762380734643677,0.7110100293080481
-0.4479859141645582,-0.3235100917737306,574,4760,2852,399,1.0641918642062298,-0.404492259950542,-0.4485131825794096,True,False,False,True,False,False,False,False,False,False,True,False,False,False,False,False,False,False,True,False,False,False,False,False,False,False,False,False,False,False,False,False,True,False,False,False,False,False,False,False,False,False,False,True,0,Normal,-0.4479859141645582,-0.3235100917737306
0.7923501935617009,-0.0582745793942176,770,24010,12992,583,-0.2590771737977863,-0.1597959697591581,0.1166021251644916,True,False,False,False,False,False,False,False,False,False,True,False,False,False,False,False,False,False,True,False,False,False,False,False,False,False,True,False,False,False,False,False,False,False,False,False,False,False,False,False,False,False,False,True,0,Normal,0.7923501935617009,-0.058274579394217554
1.1635090430310675,0.4945534617339626,1330,27771,14848,907,-0.1645579567974994,-0.2279392404453663,-0.4014202402674178,True,False,False,False,False,False,False,False,False,False,True,False,False,False,False,False,False,True,False,False,False,False,False,False,False,False,False,False,False,False,False,False,False,True,False,False,False,False,False,False,False,False,False,True,1,Above Average,1.1635090430310675,0.4945534617339627
-0.4262410764465948,-0.2391631663810119,597,4404,2326,407,0.1189996942033611,-0.0328016925712247,-0.0246767017714836,True,False,False,True,False,False,False,False,False,False,True,False,False,False,False,False,False,True,False,False,False,False,False,False,False,False,False,False,False,False,False,False,False,False,False,False,False,False,False,False,False,False,False,False,0,Normal,-0.4262410764465948,-0.23916316638101187
-0.4066090974542635,-0.1944491336427032,648,5010,2818,459,0.0717400857032177,-0.0792630134936394,0.3285203655684546,True,False,False,False,True,False,False,False,False,False,True,False,False,False,False,False,True,False,False,False,False,False,False,False,False,False,False,False,False,False,False,False,False,True,False,False,False,False,False,False,False,False,False,False,0,Normal,-0.4066090974542635,-0.19444913364270316
-0.4238641103802587,-0.222903518112536,638,5936,3164,460,-0.3535963907980731,-0.1536011269695028,-0.2836878844874384,True,False,False,True,False,False,False,False,False,False,True,False,False,False,False,False,True,False,False,False,False,False,False,False,False,False,False,True,False,False,False,False,False,False,False,False,False,False,False,False,False,False,False,True,0,Normal,-0.4238641103802587,-0.22290351811253598
0.6296600716880315,0.0443644503005364,827,18035,11120,636,0.2607785197037914,0.1747255408822273,0.3756133078804464,True,False,False,False,False,False,False,False,False,False,True,False,False,False,False,False,False,False,False,False,False,False,False,False,False,False,False,False,False,False,False,False,False,True,False,False,False,False,False,False,False,False,False,False,0,Normal,0.6296600716880315,0.044364450300536463
-0.4654169986510227,-0.4139543852671277,478,3675,2196,307,-0.2590771737977863,-0.361128360422955,-0.2601414133314425,True,False,False,True,False,False,False,False,False,False,True,False,False,False,False,False,False,False,False,False,False,False,False,True,False,False,False,False,False,False,False,False,False,False,False,False,False,False,False,False,False,False,False,False,0,Normal,-0.4654169986510227,-0.4139543852671277
-0.4567014564077905,-0.3763539486462772,513,4606,2660,360,-0.3535963907980731,-0.3456412534488167,-0.4249667114234137,True,False,False,True,False,False,False,False,False,False,True,False,False,False,False,False,False,False,False,False,False,True,False,False,False,False,False,False,False,False,False,True,False,False,False,False,False,False,False,False,False,False,False,True,0,Normal,-0.4567014564077905,-0.3763539486462772
1.0860375564245583,0.4417096048614159,890,17365,12624,827,-0.0227791312970691,1.0884648523563822,0.7759033175323764,True,False,False,False,True,False,False,False,False,False,True,False,False,False,False,False,False,False,False,False,False,True,False,True,False,False,False,False,False,False,False,False,False,False,False,False,False,False,False,False,False,False,False,False,1,Above Average,1.0860375564245583,0.441709604861416
-0.4963175575133917,-0.3987109650154316,503,3086,1846,328,-0.2118175652976428,-0.4199793669246802,-0.4014202402674178,True,False,False,False,True,False,False,False,False,False,True,False,False,False,False,False,False,False,False,False,True,False,False,False,False,False,False,False,False,False,False,False,False,True,False,False,False,False,False,False,False,False,False,True,0,Normal,-0.4963175575133917,-0.3987109650154316
-0.2936591914131825,-0.1649785211560906,700,8855,4712,471,-0.2590771737977863,-0.317764460895368,-0.0717696440834754,True,False,False,False,False,False,False,False,False,False,True,False,False,False,False,False,False,False,False,False,True,False,False,True,False,False,False,False,False,False,False,False,False,False,False,False,False,False,False,False,False,False,False,False,0,Normal,-0.2936591914131825,-0.16497852115609057
-0.1635423082263409,0.5616245108414257,1441,14450,8536,1395,0.2607785197037914,-0.361128360422955,-0.3307808267994301,False,True,False,True,False,False,False,False,False,False,True,False,False,False,False,False,False,False,False,True,False,False,False,False,False,False,False,False,False,False,True,False,False,False,False,False,False,False,False,False,False,False,False,False,0,Normal,-0.1635423082263409,0.561624510841426
-0.3299299328698663,-0.0115280906223494,861,7243,4040,490,0.875153430205656,-0.0482887995453629,-0.4720596537354055,True,False,False,False,False,False,False,False,False,False,True,False,False,False,False,False,False,False,False,True,False,False,False,True,False,False,False,False,False,False,False,False,False,False,False,False,False,False,False,False,False,False,False,False,0,Normal,-0.3299299328698663,-0.011528090622349345
-0.4617194958811666,-0.4119219292335682,493,5005,2704,340,-0.2590771737977863,-0.404492259950542,-0.5426990672033931,True,False,False,False,False,False,False,False,False,False,True,False,False,False,False,False,False,False,True,False,False,False,False,False,False,False,False,False,False,True,False,False,False,False,False,False,False,False,False,False,False,False,False,True,0,Normal,-0.4617194958811666,-0.4119219292335682
1.7234166053235658,1.1002253597346896,1412,23679,17104,975,-0.0700387397972125,1.6057342252925986,0.0224162405405081,True,False,False,True,False,False,False,False,False,False,True,False,False,False,False,False,False,False,True,False,False,False,False,False,False,True,False,False,False,False,False,False,False,False,False,False,False,False,False,False,False,False,False,True,1,Above Average,1.7234166053235658,1.1002253597346898
2.336145635756866,0.2750482101095381,1054,40203,19968,708,-0.0227791312970691,0.1158745343805021,0.46979919250443,True,False,False,False,False,False,False,False,False,False,True,False,False,False,False,False,False,True,False,False,False,False,False,False,False,False,False,False,False,False,True,False,False,False,False,False,False,False,False,False,False,False,False,True,1,Above Average,2.336145635756866,0.2750482101095382
2.737588793626959,2.000603382601542,2495,31096,19744,1276,0.6861149962050823,1.1039519593305205,0.0930556540084957,True,False,False,False,False,False,False,False,False,False,True,False,False,False,False,False,False,True,False,False,False,False,False,True,False,False,False,False,False,False,False,False,False,False,False,False,False,False,False,False,False,False,False,True,1,Above Average,2.737588793626959,2.0006033826015424
-0.3717469284813343,0.0880622550220653,933,5307,3204,537,-0.3063367822979297,-0.1071398060470882,-0.0011302306154877,True,False,False,False,True,False,False,False,False,False,True,False,False,False,False,False,False,False,True,False,False,False,False,False,False,False,False,False,False,False,False,False,True,False,False,False,False,False,False,False,False,False,False,False,0,Normal,-0.3717469284813343,0.08806225502206537
-0.4488662719669049,-0.0257552828572658,884,4700,2726,493,0.4970765622045086,-0.4075896813453696,-0.4720596537354055,True,False,False,True,False,False,False,False,False,False,True,False,False,False,False,False,False,False,True,False,False,False,False,True,False,False,False,False,False,False,False,False,False,False,False,False,False,False,False,False,False,False,False,False,0,Normal,-0.4488662719669049,-0.02575528285726575
0.1944111742078254,2.867445880914663,3682,25584,14920,3300,1.3477495152070902,-0.2465237688143321,-0.3072343556434342,False,True,False,True,False,False,False,False,False,False,True,False,False,False,False,False,False,True,False,False,False,False,False,False,False,False,False,False,False,False,False,False,False,True,False,False,False,False,False,False,False,False,False,False,1,Above Average,0.1944111742078254,2.8674458809146635
-0.5100511392300002,-0.2015627297601614,716,2545,1529,372,-0.3535963907980731,-0.4726355306367502,-0.5191525960473973,True,False,False,False,True,False,False,False,False,False,True,False,False,False,False,False,False,True,False,False,False,False,False,False,True,False,False,False,False,False,False,False,False,False,False,False,False,False,False,False,False,False,False,True,0,Normal,-0.5100511392300002,-0.20156272976016137
5.506842296688723,0.8725902839760271,1643,107502,38720,1008,0.7333746047052258,0.081802899037398,0.3991597790364423,False,False,True,False,False,False,False,False,False,True,False,False,False,False,False,False,True,False,False,False,False,False,False,False,False,False,False,False,False,False,False,False,False,True,False,False,False,False,False,False,False,False,False,False,1,Above Average,5.506842296688723,0.8725902839760273
-0.3543158439948698,0.1246464636261361,947,5901,2894,583,0.1662593027035045,0.0756080562477427,-0.5191525960473973,True,False,False,False,False,False,False,False,False,True,False,False,False,False,False,False,True,False,False,False,False,False,False,False,False,False,False,False,False,True,False,False,False,False,False,False,False,False,False,False,False,False,False,True,0,Normal,-0.3543158439948698,0.12464646362613617
4.188418451894313,1.6581345409467685,2457,48765,25024,1353,-0.0227791312970691,-0.0916526990729499,0.2814274232564628,True,False,False,False,False,False,False,False,False,True,False,False,False,False,False,False,True,False,False,False,False,False,False,True,False,False,False,False,False,False,False,False,False,False,False,False,False,False,False,False,False,False,False,False,1,Above Average,4.188418451894313,1.6581345409467687
-0.4706111096848682,-0.1883517655420247,720,3399,2162,375,-0.3063367822979297,-0.4261742097143355,-0.4485131825794096,True,False,False,True,False,False,False,False,False,True,False,False,False,False,False,False,False,False,False,False,False,False,False,False,False,False,False,False,False,False,False,False,True,False,False,False,False,False,False,False,False,False,False,False,0,Normal,-0.4706111096848682,-0.18835176554202468
-0.4779180794443458,-0.0115280906223494,872,3559,2126,477,-0.3063367822979297,-0.3301541464746785,-0.2365949421754466,True,False,False,True,False,False,False,False,False,True,False,False,False,False,False,False,False,False,False,False,False,False,False,False,True,False,False,False,False,False,False,False,False,False,False,False,False,False,False,False,False,False,False,False,0,Normal,-0.4779180794443458,-0.011528090622349345
-0.0818451041685675,1.3410713997114887,2193,17717,10400,2119,-0.3535963907980731,-0.2279392404453663,-0.3307808267994301,False,True,False,True,False,False,False,False,False,True,False,False,False,False,False,False,False,False,False,False,False,True,False,False,False,False,False,False,False,False,False,True,False,False,False,False,False,False,False,False,False,False,False,False,1,Above Average,-0.08184510416856748,1.341071399711489
-0.1871358973292323,0.4874398656165044,1381,15917,8972,1035,-0.3063367822979297,-0.4447587380833013,-0.5426990672033931,True,False,False,False,False,False,False,False,False,True,False,False,False,False,False,False,False,False,False,False,False,True,False,False,True,False,False,False,False,False,False,False,False,False,False,False,False,False,False,False,False,False,False,True,0,Normal,-0.1871358973292323,0.4874398656165045
0.6254343542367674,0.7221885374926251,1537,41207,23440,1225,0.1662593027035045,-0.1505037055746752,-0.354327297955426,True,False,False,False,False,False,False,False,False,True,False,False,False,False,False,False,False,False,False,False,True,False,False,False,False,False,False,False,False,False,False,False,True,False,False,False,False,False,False,False,False,False,False,False,1,Above Average,0.6254343542367674,0.7221885374926253
-0.2322102168093831,-0.0511609832767594,843,11970,6796,774,-0.1645579567974994,-0.3270567250798509,-0.2130484710194507,False,True,False,True,False,False,False,False,False,True,False,False,False,False,False,False,False,False,False,False,True,False,False,False,True,False,False,False,False,False,False,False,False,False,False,False,False,False,False,False,False,False,False,False,0,Normal,-0.2322102168093831,-0.05116098327675935
-0.5049890818665067,-0.539966659347816,383,3963,2301,342,-0.3535963907980731,-0.5036097445850266,-0.5662455383593891,True,False,False,False,False,False,False,False,False,True,False,False,False,False,False,False,False,False,False,True,False,False,False,False,False,False,False,False,False,False,False,True,False,False,False,False,False,False,False,False,False,False,False,True,0,Normal,-0.5049890818665067,-0.539966659347816
0.2930112480706552,0.0159100658307036,860,5648,3856,460,0.3080381282039348,-0.2341340832350216,-0.4249667114234137,True,False,False,False,False,False,False,False,False,True,False,False,False,False,False,False,False,False,True,False,False,False,False,False,False,False,False,False,False,False,False,False,False,False,False,False,False,False,False,False,False,True,False,True,0,Normal,0.2930112480706552,0.01591006583070366
0.3078012591500798,0.5057319699185399,1038,19738,13656,998,4.5141432847167,0.9026195686667235,0.1401485963204875,True,False,False,False,False,False,False,False,False,True,False,False,False,False,False,False,False,False,True,False,False,False,False,False,False,False,False,False,False,False,False,False,True,False,False,False,False,False,False,False,False,False,False,False,1,Above Average,0.3078012591500798,0.5057319699185401
-0.5062656006799094,-0.7625205950225796,145,3147,1794,137,-0.117298348297356,-0.3735180460022655,-0.5191525960473973,True,False,False,False,False,False,False,False,False,True,False,False,False,False,False,False,False,False,True,False,False,False,False,False,False,False,False,False,False,False,False,True,False,False,False,False,False,False,False,False,False,False,False,False,0,Normal,-0.5062656006799094,-0.7625205950225796
-0.5358896407288757,-0.3296074598744091,591,2888,1406,340,-0.3535963907980731,-0.4788303734264054,-0.5897920095153849,True,False,False,False,False,False,False,False,False,True,False,False,False,False,False,False,False,False,True,False,False,False,False,False,False,False,False,True,False,False,False,False,False,False,False,False,False,False,False,False,False,False,False,False,0,Normal,-0.5358896407288757,-0.3296074598744091
-0.4218392874348613,-0.1700596612399894,681,4569,2782,459,-0.117298348297356,-0.1133346488367434,-0.0246767017714836,True,False,False,True,False,False,False,False,False,True,False,False,False,False,False,False,False,False,True,False,False,False,False,True,False,False,False,False,False,False,False,False,False,False,False,False,False,False,False,False,False,False,False,False,0,Normal,-0.4218392874348613,-0.17005966123998936
-0.4982103267884371,-0.3570456163274621,560,3802,2144,348,-0.3535963907980731,-0.491220059005716,-0.5191525960473973,True,False,False,False,False,False,False,False,False,True,False,False,False,False,False,False,False,True,False,False,False,False,False,False,False,False,False,False,False,False,False,True,False,False,False,False,False,False,False,False,False,False,False,False,0,Normal,-0.4982103267884371,-0.3570456163274621
-0.4657691417719614,-0.3153802676394927,569,4111,2236,375,-0.3063367822979297,-0.3301541464746785,-0.0953161152394713,True,False,False,True,False,False,False,False,False,True,False,False,False,False,False,False,False,True,False,False,False,False,False,True,False,False,False,False,False,False,False,False,False,False,False,False,False,False,False,False,False,False,False,False,0,Normal,-0.4657691417719614,-0.3153802676394927
-0.4535321683193423,-0.2330657982803334,656,3351,2110,436,-0.3535963907980731,-0.3270567250798509,-0.142409057551463,True,False,False,False,False,False,False,False,False,True,False,False,False,False,False,False,True,False,False,False,False,False,False,False,False,False,False,False,False,False,False,False,False,True,False,False,False,False,False,False,False,False,False,False,0,Normal,-0.4535321683193423,-0.23306579828033339
-0.1005086895783175,0.243545141589366,1138,20024,10568,920,-0.117298348297356,-0.3828103101867485,-0.4720596537354055,True,False,False,False,False,False,False,False,False,True,False,False,False,False,False,False,True,False,False,False,False,False,True,False,False,False,False,False,False,False,False,False,False,False,False,False,False,False,False,False,False,False,False,False,0,Normal,-0.10050868957831749,0.24354514158936608
-0.4250085755233094,-0.1995302737266019,671,5063,3114,501,-0.117298348297356,-0.2620108757884704,-0.1895019998634548,True,False,False,False,True,False,False,False,False,True,False,False,False,False,False,False,False,False,False,False,False,False,False,False,False,False,False,False,False,False,False,False,False,False,True,False,False,False,False,False,False,False,False,False,0,Normal,-0.4250085755233094,-0.19953027372660187
-0.4903751423475515,-0.3621267564113608,523,3519,2124,375,-0.3535963907980731,-0.3580309390281273,-0.4014202402674178,True,False,False,False,True,False,False,False,False,True,False,False,False,False,False,False,False,False,False,False,False,False,False,True,False,False,False,False,False,False,False,False,False,False,False,False,False,False,False,False,False,False,False,False,0,Normal,-0.4903751423475515,-0.3621267564113608
-0.4553809197042704,-0.3042017594549155,568,3708,2392,403,-0.3535963907980731,-0.308472196710885,-0.2601414133314425,True,False,False,True,False,False,False,False,False,True,False,False,False,False,False,False,False,False,False,False,False,True,False,False,False,False,False,False,False,False,False,True,False,False,False,False,False,False,False,False,False,False,False,False,0,Normal,-0.4553809197042704,-0.3042017594549155
-0.2455916554050529,-0.0816478237801517,834,13786,7736,662,-0.3535963907980731,-0.5067071659798542,-0.6133384806713809,True,False,False,False,False,False,False,False,False,True,False,False,False,False,False,False,False,False,False,False,False,True,False,False,True,False,False,False,False,False,False,False,False,False,False,False,False,False,False,False,False,False,False,False,0,Normal,-0.2455916554050529,-0.08164782378015166
-0.3059842006460362,-0.0115280906223494,779,7431,4292,646,0.1662593027035045,0.1654332766977444,0.3756133078804464,True,False,False,True,False,False,False,False,False,True,False,False,False,False,False,False,False,False,False,False,True,False,False,False,False,False,False,False,False,True,False,False,False,False,False,False,False,False,False,False,False,False,False,False,0,Normal,-0.3059842006460362,-0.011528090622349345
-0.4877340689405114,-0.3743214926127177,503,3579,1966,348,-0.3063367822979297,-0.3270567250798509,-0.2601414133314425,True,False,False,False,True,False,False,False,False,True,False,False,False,False,False,False,False,False,False,False,True,False,True,False,False,False,False,False,False,False,False,False,False,False,False,False,False,False,False,False,False,False,False,True,0,Normal,-0.4877340689405114,-0.3743214926127177
2.198105532348904,0.469147761314469,1229,32470,16480,760,0.0717400857032177,0.0601209492736045,0.0224162405405081,True,False,False,False,False,False,False,False,False,True,False,False,False,False,False,False,False,False,False,True,False,False,False,False,False,False,False,False,False,False,False,False,False,True,False,False,False,False,False,False,False,False,False,True,1,Above Average,2.198105532348904,0.4691477613144691
-0.1010369042597255,0.065705238652911,705,8419,5840,594,-0.1645579567974994,0.4720779947856811,0.045962711696504,True,False,False,False,True,False,False,False,False,True,False,False,False,False,False,False,False,False,False,True,False,False,False,True,False,False,False,False,False,False,False,False,False,False,False,False,False,False,False,False,False,False,False,True,0,Normal,-0.10103690425972549,0.06570523865291107
1.9544224926593388,-0.036933791041843,715,2289,1408,340,-0.3535963907980731,-0.0916526990729499,-0.4720596537354055,True,False,False,False,False,False,False,False,False,True,False,False,False,False,False,False,False,False,True,False,False,False,False,False,False,False,False,False,False,False,False,False,True,False,False,False,False,False,False,False,False,False,False,False,0,Normal,1.9544224926593388,-0.03693379104184295
-0.4023833800029993,-0.0796153677465922,725,6086,3494,569,-0.2590771737977863,0.0941925846167086,0.0224162405405081,True,False,False,False,True,False,False,False,False,True,False,False,False,False,False,False,False,False,True,False,False,False,True,False,False,False,False,False,False,False,False,False,False,False,False,False,False,False,False,False,False,False,False,False,0,Normal,-0.4023833800029993,-0.07961536774659216
-0.3412865485201387,-0.1731083452903286,676,6253,3742,445,0.213518911203648,-0.0916526990729499,0.0224162405405081,True,False,False,True,False,False,False,False,False,True,False,False,False,False,False,False,False,True,False,False,False,False,False,False,False,False,False,False,False,False,False,False,False,True,False,False,False,False,False,False,False,False,False,False,0,Normal,-0.3412865485201387,-0.17310834529032856
-0.4075774910368449,-0.1548162409882932,683,5651,3144,506,-0.1645579567974994,-0.0730681707039841,-0.0246767017714836,True,False,False,False,True,False,False,False,False,True,False,False,False,False,False,False,False,True,False,False,False,False,False,True,False,False,False,False,False,False,False,False,False,False,False,False,False,False,False,False,False,False,False,True,0,Normal,-0.4075774910368449,-0.15481624098829316
0.3768213108540607,0.1104192713912197,934,9376,6864,546,-0.2118175652976428,-0.1102372274419158,-0.2130484710194507,True,False,False,False,True,False,False,False,False,True,False,False,False,False,False,False,True,False,False,False,False,False,False,False,False,False,False,False,False,False,False,False,False,True,False,False,False,False,False,False,False,False,False,False,0,Normal,0.3768213108540607,0.11041927139121976
-0.4467534132412728,-0.1314429966023591,730,4343,2590,482,0.0244804772030742,-0.2186469762608833,-0.1659555287074589,True,False,False,False,True,False,False,False,False,True,False,False,False,False,False,False,True,False,False,False,False,False,False,True,False,False,False,False,False,False,False,False,False,False,False,False,False,False,False,False,False,False,False,False,0,Normal,-0.4467534132412728,-0.13144299660235909
-0.4160289259393731,-0.258471498699827,658,7037,3768,397,-0.3535963907980731,-0.4819277948212331,-0.5662455383593891,True,False,False,False,False,False,False,False,False,True,False,False,False,False,False,False,False,False,False,False,False,False,False,False,False,False,False,False,False,False,False,False,False,True,False,False,False,False,False,False,False,False,False,False,0,Normal,-0.4160289259393731,-0.258471498699827
-0.4545885976821583,-0.2605039547333865,618,4229,2672,403,-0.2590771737977863,-0.2898876683419192,-0.3307808267994301,True,False,False,False,True,False,False,False,False,True,False,False,False,False,False,False,False,False,False,False,False,False,False,True,False,False,False,False,False,False,False,False,False,False,False,False,False,False,False,False,False,False,False,False,0,Normal,-0.4545885976821583,-0.2605039547333865
-0.4787104014664578,-0.3468833361596647,548,3574,2184,349,-0.2590771737977863,-0.3673232032126102,-0.354327297955426,True,False,False,False,True,False,False,False,False,True,False,False,False,False,False,False,False,False,False,False,False,True,False,False,False,False,False,False,False,False,True,False,False,False,False,False,False,False,False,False,False,False,False,False,0,Normal,-0.4787104014664578,-0.3468833361596647
-0.4349566186898271,-0.2777798310186422,616,5416,3312,423,-0.2118175652976428,-0.3487386748436444,-0.3072343556434342,True,False,False,False,True,False,False,False,False,True,False,False,False,False,False,False,False,False,False,False,False,True,False,True,False,False,False,False,False,False,False,False,False,False,False,False,False,False,False,False,False,False,False,True,0,Normal,-0.4349566186898271,-0.2777798310186422
1.7093308804860188,0.7262534495597441,1622,18580,10144,876,-0.3535963907980731,-0.4757329520315778,-0.5426990672033931,True,False,False,False,False,False,False,False,False,True,False,False,False,False,False,False,False,False,False,False,True,False,False,False,False,False,False,False,False,False,False,False,True,False,False,False,False,False,False,False,False,False,False,True,1,Above Average,1.7093308804860188,0.7262534495597444
1.4733949894571043,0.6469876642509241,1426,22710,13344,697,0.0717400857032177,0.0260493139305004,-0.0953161152394713,True,False,False,False,True,False,False,False,False,True,False,False,False,False,False,False,False,False,False,False,True,False,False,False,True,False,False,False,False,False,False,False,False,False,False,False,False,False,False,False,False,False,False,False,1,Above Average,1.4733949894571043,0.6469876642509244
-0.4696427161022868,-0.1670109771896501,724,3476,2174,347,-0.3535963907980731,-0.3704206246074379,-0.2365949421754466,True,False,False,False,True,False,False,False,False,True,False,False,False,False,False,False,False,False,False,True,False,False,False,False,False,False,False,False,False,False,False,False,True,False,False,False,False,False,False,False,False,False,False,False,0,Normal,-0.4696427161022868,-0.16701097718965008
-0.4657691417719614,-0.2218872900957563,656,3484,1968,328,-0.2590771737977863,-0.3208618822901956,-0.3072343556434342,True,False,False,True,False,False,False,False,False,True,False,False,False,False,False,False,False,False,False,True,False,False,False,True,False,False,False,False,False,False,False,False,False,False,False,False,False,False,False,False,False,False,False,False,0,Normal,-0.4657691417719614,-0.22188729009575628
-0.3140834924276258,-0.1548162409882932,672,7048,4012,408,-0.2590771737977863,0.0074647855615346,0.3991597790364423,True,False,False,False,True,False,False,False,False,True,False,False,False,False,False,False,False,False,True,False,False,False,False,False,False,False,False,False,False,False,False,False,False,True,False,False,False,False,False,False,False,False,False,False,0,Normal,-0.3140834924276258,-0.15481624098829316
-0.1144183428553953,0.2242368092705509,1065,14792,7800,732,0.4970765622045086,-0.0297042711763971,0.5168921348164217,True,False,False,True,False,False,False,False,False,True,False,False,False,False,False,False,False,False,True,False,False,False,False,False,False,True,False,False,False,False,False,False,False,False,False,False,False,False,False,False,False,False,False,True,0,Normal,-0.11441834285539529,0.22423680927055098
-0.0158182689925654,-0.1639622931393109,733,7326,4120,408,-0.3535963907980731,-0.4385638952936461,-0.5191525960473973,True,False,False,False,False,False,False,False,False,True,False,False,False,False,False,False,False,True,False,False,False,False,False,False,False,False,False,False,False,False,False,True,False,False,False,False,False,False,False,False,False,False,False,False,0,Normal,-0.015818268992565394,-0.16396229313931088
-0.4615434243206973,-0.3448508801261052,546,4491,2620,327,-0.2590771737977863,-0.3921025743712314,-0.4956061248914014,True,False,False,False,True,False,False,False,False,True,False,False,False,False,False,False,True,False,False,False,False,False,False,False,False,False,False,False,False,False,False,False,False,True,False,False,False,False,False,False,False,False,False,False,0,Normal,-0.4615434243206973,-0.3448508801261052
-0.4508030591320676,-0.3661916684784798,522,4930,2660,319,-0.2590771737977863,-0.3425438320539891,-0.3072343556434342,True,False,False,False,True,False,False,False,False,True,False,False,False,False,False,False,True,False,False,False,False,False,False,False,False,True,False,False,False,False,False,False,False,False,False,False,False,False,False,False,False,False,False,True,0,Normal,-0.4508030591320676,-0.3661916684784798
1.8825852959878484,1.6855726973998215,1334,78678,37408,1831,0.5915957792047954,3.6995910881960863,0.46979919250443,True,False,False,False,True,False,False,False,False,True,False,False,False,False,False,False,False,False,False,False,False,False,False,False,False,False,False,False,False,False,True,False,False,False,False,False,False,False,False,False,False,False,False,False,1,Above Average,1.8825852959878484,1.6855726973998217
-0.4670016426952468,-0.4007434210489911,488,4658,2710,305,-0.2590771737977863,-0.3735180460022655,-0.4956061248914014,True,False,False,False,True,False,False,False,False,True,False,False,False,False,False,False,False,False,False,False,False,False,False,True,False,False,False,False,False,False,False,False,False,False,False,False,False,False,False,False,False,False,False,True,0,Normal,-0.4670016426952468,-0.4007434210489911
-0.4751009344768364,-0.191400449592364,712,4605,2540,342,-0.2590771737977863,-0.447856159478129,-0.4014202402674178,True,False,False,False,True,False,False,False,False,True,False,False,False,False,False,False,False,False,False,False,False,False,False,True,False,False,False,False,False,False,False,False,False,False,False,False,False,False,False,False,False,False,False,False,0,Normal,-0.4751009344768364,-0.19140044959236396
-0.4444644829551714,-0.2015627297601614,658,4955,2772,361,-0.3063367822979297,-0.3053747753160574,-0.2365949421754466,True,False,False,True,False,False,False,False,True,False,False,False,False,False,False,False,False,False,False,False,False,True,False,False,False,False,False,False,False,False,False,False,False,False,True,False,False,False,False,False,False,False,False,False,0,Normal,-0.4444644829551714,-0.20156272976016137
-0.4457850196586914,-0.3489157921932242,529,4846,2614,371,-0.2118175652976428,-0.2496211902091598,-0.1188625863954671,True,False,False,False,True,False,False,False,True,False,False,False,False,False,False,False,False,False,False,True,False,False,False,False,False,False,False,False,False,True,False,False,False,False,False,False,False,False,False,False,False,False,False,True,0,Normal,-0.4457850196586914,-0.3489157921932242
1.1064618574390015,0.7760486223819515,1183,32021,19712,1101,0.4025573452042217,1.3610379351012147,0.7288103752203847,True,False,False,False,True,False,False,False,True,False,False,False,False,False,False,False,False,False,True,False,False,False,False,False,False,False,False,False,False,False,False,False,True,False,False,False,False,False,False,False,False,False,False,False,1,Above Average,1.1064618574390015,0.7760486223819517
-0.4345164397886537,-0.2401793943977916,607,4935,2644,432,-0.0227791312970691,-0.1195294916263987,0.1636950674764834,True,False,False,False,True,False,False,False,True,False,False,False,False,False,False,False,False,False,True,False,False,False,False,False,True,False,False,False,False,False,False,False,False,False,False,False,False,False,False,False,False,False,False,True,0,Normal,-0.4345164397886537,-0.24017939439779157
0.3232955564713816,0.1307438317268145,918,11280,6664,536,0.5915957792047954,0.0663157920632598,0.1166021251644916,True,False,False,False,True,False,False,False,True,False,False,False,False,False,False,False,False,True,False,False,False,False,False,False,False,False,False,False,False,False,False,False,True,False,False,False,False,False,False,False,False,False,False,False,0,Normal,0.3232955564713816,0.13074383172681459
-0.4207828580720453,-0.2320495702635537,626,4911,2528,367,-0.3063367822979297,-0.2186469762608833,-0.0246767017714836,True,False,False,False,True,False,False,False,True,False,False,False,False,False,False,False,False,True,False,False,False,False,False,False,False,True,False,False,False,False,False,False,False,False,False,False,False,False,False,False,False,False,False,False,0,Normal,-0.4207828580720453,-0.23204957026355366
-0.4923559474028316,-0.3600943003778014,528,3601,1992,306,-0.3535963907980731,-0.3951999957660591,-0.4014202402674178,True,False,False,False,True,False,False,False,True,False,False,False,False,False,False,False,True,False,False,False,False,False,False,False,False,False,False,False,False,False,False,False,True,False,False,False,False,False,False,False,False,False,False,False,0,Normal,-0.4923559474028316,-0.3600943003778014
-0.4788864730269271,-0.3296074598744091,560,4114,2098,341,-0.3535963907980731,-0.351836096238472,-0.1659555287074589,True,False,False,False,True,False,False,False,True,False,False,False,False,False,False,False,True,False,False,False,False,False,False,False,False,False,False,False,False,False,False,False,False,False,False,False,False,False,False,False,False,False,False,False,0,Normal,-0.4788864730269271,-0.3296074598744091
-0.1651269522705649,0.7272696775765238,1599,15382,8980,1613,-0.2590771737977863,-0.3797128887919208,-0.4014202402674178,False,True,False,True,False,False,False,False,True,False,False,False,False,False,False,False,False,False,False,False,False,False,True,False,False,False,False,False,False,False,False,False,False,False,False,False,False,False,False,False,False,False,False,False,1,Above Average,-0.1651269522705649,0.727269677576524
-0.4047603460693354,-0.2462767624984701,594,4664,2690,390,-0.3063367822979297,-0.1102372274419158,0.2343344809444711,True,False,False,True,False,False,False,False,True,False,False,False,False,False,False,False,False,False,False,False,False,True,True,False,False,False,False,False,False,False,False,False,False,False,False,False,False,False,False,False,False,False,False,False,0,Normal,-0.4047603460693354,-0.24627676249847008
-0.4899789813364955,-0.4007434210489911,479,3353,1943,305,-0.2590771737977863,-0.3270567250798509,-0.4249667114234137,True,False,False,False,True,False,False,False,True,False,False,False,False,False,False,False,False,False,False,False,True,False,False,False,False,False,False,False,False,False,False,False,False,False,True,False,False,False,False,False,False,False,False,False,0,Normal,-0.4899789813364955,-0.4007434210489911
-0.4882182657318021,-0.3905811408811936,485,3382,1853,323,-0.1645579567974994,-0.3053747753160574,-0.2601414133314425,True,False,False,False,True,False,False,False,True,False,False,False,False,False,False,False,False,False,False,False,True,False,False,False,False,False,True,False,False,False,False,False,False,False,False,False,False,False,False,False,False,False,False,False,0,Normal,-0.4882182657318021,-0.3905811408811936
-0.3276410025837649,-0.0989237000654073,706,6279,3612,505,0.8278938217055126,0.2056997548305038,0.3991597790364423,True,False,False,False,True,False,False,False,True,False,False,False,False,False,False,False,False,False,False,True,False,False,False,False,False,False,False,False,False,False,True,False,False,False,False,False,False,False,False,False,False,False,False,True,0,Normal,-0.3276410025837649,-0.09892370006540725
0.182790451216849,0.1439547959449512,875,26514,14728,701,0.8278938217055126,0.4008373027046453,0.7288103752203847,True,False,False,False,False,False,False,False,True,False,False,False,False,False,False,False,False,False,True,False,False,False,False,False,False,False,False,False,False,False,True,False,False,False,False,False,False,False,False,False,False,False,False,False,0,Normal,0.182790451216849,0.14395479594495128
-0.3912028359131963,-0.2452605344816903,569,5904,3322,488,-0.0700387397972125,0.1065822701960192,0.2107880097884752,True,False,False,False,True,False,False,False,True,False,False,False,False,False,False,False,False,False,True,False,False,False,False,False,True,False,False,False,False,False,False,False,False,False,False,False,False,False,False,False,False,False,False,False,0,Normal,-0.3912028359131963,-0.24526053448169027
-0.4567014564077905,-0.4576521899886567,415,4249,2352,322,-0.2590771737977863,-0.2558160329988151,-0.2365949421754466,True,False,False,False,True,False,False,False,True,False,False,False,False,False,False,False,False,True,False,False,False,False,False,False,False,False,False,False,False,False,False,True,False,False,False,False,False,False,False,False,False,False,False,False,0,Normal,-0.4567014564077905,-0.4576521899886567
-0.3283452888256423,-0.1893679935588045,625,7910,4136,512,-0.117298348297356,0.0508286850891216,0.1401485963204875,True,False,False,True,False,False,False,False,True,False,False,False,False,False,False,False,True,False,False,False,False,False,False,False,False,False,False,False,False,False,False,True,False,False,False,False,False,False,False,False,False,False,False,False,0,Normal,-0.3283452888256423,-0.18936799355880446
-0.4157648185986691,-0.4363114016362821,432,5493,3106,340,-0.0700387397972125,-0.2372315046298492,0.045962711696504,True,False,False,False,True,False,False,False,True,False,False,False,False,False,False,False,False,False,False,False,False,False,False,False,False,False,False,False,False,False,False,False,False,True,False,False,False,False,False,False,False,False,False,True,0,Normal,-0.4157648185986691,-0.4363114016362821
-0.0600122306703695,-0.5856969201029043,322,16914,11008,289,-0.2118175652976428,-0.4075896813453696,-0.3072343556434342,False,False,False,False,False,False,False,False,True,False,False,False,False,False,False,False,False,False,False,False,False,False,True,False,False,False,False,False,False,False,False,False,False,False,False,False,False,False,False,False,False,False,False,False,0,Normal,-0.060012230670369496,-0.5856969201029043
-0.4199905360499332,-0.3214776357401711,509,5681,3216,469,-0.2118175652976428,-0.0668733279143288,-0.1659555287074589,True,False,False,False,True,False,False,False,True,False,False,False,False,False,False,False,False,False,False,False,False,True,False,False,False,False,False,False,False,False,False,False,False,True,False,False,False,False,False,False,False,False,False,True,0,Normal,-0.4199905360499332,-0.3214776357401711
1.102940426229615,1.4000126246847138,1702,57722,34368,1978,1.3950091237072335,1.9929118996460544,1.482297452212253,True,False,False,False,True,False,False,False,True,False,False,False,False,False,False,False,False,False,False,False,False,True,True,False,False,False,False,False,False,False,False,False,False,False,False,False,False,False,False,False,False,False,False,False,1,Above Average,1.102940426229615,1.400012624684714
-0.473604326212847,-0.5369179752974766,356,3586,2148,271,-0.3063367822979297,-0.3704206246074379,-0.3307808267994301,True,False,False,False,True,False,False,False,True,False,False,False,False,False,False,False,False,False,False,False,True,False,False,False,False,False,False,False,False,False,False,False,False,True,False,False,False,False,False,False,False,False,False,False,0,Normal,-0.473604326212847,-0.5369179752974766
-0.4211350011929839,-0.3519644762435634,484,5156,2752,403,0.213518911203648,-0.0699707493091564,-0.0953161152394713,True,False,False,False,True,False,False,False,True,False,False,False,False,False,False,False,False,False,False,False,True,False,False,False,False,False,False,False,True,False,False,False,False,False,False,False,False,False,False,False,False,False,False,True,0,Normal,-0.4211350011929839,-0.3519644762435634
2.991131840702807,2.1134046924640937,1637,52477,27392,1756,1.773085991708381,4.526602600615067,2.235784529204121,True,False,False,False,True,False,False,False,True,False,False,False,False,False,False,False,False,False,False,True,False,False,False,False,False,False,False,False,False,False,False,False,False,True,False,False,False,False,False,False,False,False,False,False,1,Above Average,2.991131840702807,2.113404692464094
-0.359862098149654,-0.2483092185320296,587,6890,3714,475,-0.2118175652976428,-0.0699707493091564,0.1166021251644916,True,False,False,True,False,False,False,False,True,False,False,False,False,False,False,False,False,False,False,True,False,False,False,False,False,False,False,False,False,True,False,False,False,False,False,False,False,False,False,False,False,False,False,False,0,Normal,-0.359862098149654,-0.24830921853202959
-0.3703383559975796,-0.2777798310186422,555,6549,3716,476,-0.1645579567974994,-0.0358991139660524,0.1401485963204875,True,False,False,False,True,False,False,False,True,False,False,False,False,False,False,False,False,False,True,False,False,False,False,False,False,False,False,False,False,False,False,False,False,True,False,False,False,False,False,False,False,False,False,True,0,Normal,-0.3703383559975796,-0.2777798310186422
0.4370377845345746,0.7933244986672071,1570,37816,21352,1578,-0.0700387397972125,0.1003874274063639,0.2814274232564628,False,True,False,False,False,False,False,False,True,False,False,False,False,False,False,False,False,False,True,False,False,False,False,True,False,False,False,False,False,False,False,False,False,False,False,False,False,False,False,False,False,False,False,True,1,Above Average,0.4370377845345746,0.7933244986672073
0.204623324715047,0.0860297989885058,676,15973,10584,676,-0.1645579567974994,0.6888974924236162,-0.0482231729274795,True,False,False,False,True,False,False,False,True,False,False,False,False,False,False,False,False,True,False,False,False,False,False,False,False,False,False,True,False,False,False,False,False,False,False,False,False,False,False,False,False,False,False,False,0,Normal,0.204623324715047,0.08602979898850587
-0.4301146507769202,-0.3743214926127177,495,4908,2754,398,-0.2590771737977863,-0.2465237688143321,-0.2130484710194507,True,False,False,True,False,False,False,False,True,False,False,False,False,False,False,False,True,False,False,False,False,False,False,False,False,False,False,False,False,False,False,False,False,False,True,False,False,False,False,False,False,False,False,False,0,Normal,-0.4301146507769202,-0.3743214926127177
-0.3958687322656338,-0.3001368473877965,561,5768,2812,411,0.213518911203648,-0.1226269130212264,0.2578809521004669,True,False,False,False,False,False,False,False,True,False,False,False,False,False,False,False,True,False,False,False,False,False,False,False,False,False,False,False,True,False,False,False,False,False,False,False,False,False,False,False,False,False,False,False,0,Normal,-0.3958687322656338,-0.3001368473877965
-0.4270333984687068,-0.3641592124449203,481,6173,3298,428,-0.2118175652976428,-0.0916526990729499,-0.2601414133314425,True,False,False,False,True,False,False,False,True,False,False,False,False,False,False,False,False,False,False,False,False,False,False,False,False,False,False,False,False,False,False,False,False,True,False,False,False,False,False,False,False,False,False,False,0,Normal,-0.4270333984687068,-0.3641592124449203
-0.3489456614005549,-0.2350982543138929,544,7055,4046,487,-0.2590771737977863,0.2769404469115396,0.3049738944124587,True,False,False,True,False,False,False,False,True,False,False,False,False,False,False,False,False,False,False,False,False,False,False,True,False,False,False,False,False,False,False,False,False,False,False,False,False,False,False,False,False,False,False,False,0,Normal,-0.3489456614005549,-0.23509825431389286
-0.3828394367909027,-0.3611105283945811,492,6461,3708,414,-0.3063367822979297,-0.1040423846522605,0.045962711696504,True,False,False,True,False,False,False,False,True,False,False,False,False,False,False,False,False,False,False,False,False,True,False,False,False,False,False,False,False,False,False,False,False,False,True,False,False,False,False,False,False,False,False,False,0,Normal,-0.3828394367909027,-0.3611105283945811
-0.3045756281622815,-0.1426215047869363,631,8188,4776,570,0.8278938217055126,0.2428688115684355,0.6346244905964011,True,False,False,False,True,False,False,False,True,False,False,False,False,False,False,False,False,False,False,False,False,True,True,False,False,False,False,False,False,False,False,False,False,False,False,False,False,False,False,False,False,False,False,False,0,Normal,-0.3045756281622815,-0.14262150478693628
-0.3478892320377389,-0.3489157921932242,539,7886,4454,429,-0.2118175652976428,-0.3270567250798509,-0.0717696440834754,True,False,False,False,False,False,False,False,True,False,False,False,False,False,False,False,False,False,False,False,True,False,False,False,False,False,False,False,False,True,False,False,False,False,False,False,False,False,False,False,False,False,False,False,0,Normal,-0.3478892320377389,-0.3489157921932242
-0.465328962870788,-0.4647657861061149,406,4347,2330,341,-0.3535963907980731,-0.2805954041574362,-0.2130484710194507,True,False,False,False,True,False,False,False,True,False,False,False,False,False,False,False,False,False,False,False,True,False,False,True,False,False,False,False,False,False,False,False,False,False,False,False,False,False,False,False,False,False,False,False,0,Normal,-0.465328962870788,-0.4647657861061149
-0.2056234111785129,-0.0125443186391292,861,12996,7200,843,-0.3063367822979297,-0.1505037055746752,0.2107880097884752,False,True,False,True,False,False,False,False,True,False,False,False,False,False,False,False,False,False,False,True,False,False,False,False,False,False,False,True,False,False,False,False,False,False,False,False,False,False,False,False,False,False,False,False,0,Normal,-0.2056234111785129,-0.012544318639129144
-0.3825753294501987,-0.187335537525245,642,6258,3608,597,-0.3063367822979297,0.0043673641667069,0.0695091828524998,True,False,False,False,True,False,False,True,False,False,False,False,False,False,False,False,False,False,True,False,False,False,False,False,False,False,False,False,False,False,False,False,False,False,False,True,False,False,False,False,False,False,False,True,0,Normal,-0.3825753294501987,-0.18733553752524498
0.4560535130652632,0.6896692409556733,1485,48466,21928,1392,0.0717400857032177,0.0508286850891216,0.1401485963204875,True,False,False,False,False,False,False,True,False,False,False,False,False,False,False,False,False,True,False,False,False,False,False,False,False,False,False,False,False,False,False,False,False,True,False,False,False,False,False,False,False,False,False,False,1,Above Average,0.4560535130652632,0.6896692409556735
-0.4236000030395547,-0.3011530754045762,555,4632,2530,497,-0.3063367822979297,-0.1659908125488134,0.1166021251644916,True,False,False,False,True,False,False,True,False,False,False,False,False,False,False,False,False,True,False,False,False,False,False,False,False,False,False,False,True,False,False,False,False,False,False,False,False,False,False,False,False,False,False,False,0,Normal,-0.4236000030395547,-0.3011530754045762
-0.3174288520765432,-0.0155930026894684,742,8391,4692,737,-0.1645579567974994,0.3915450385201624,0.46979919250443,True,False,False,False,True,False,False,True,False,False,False,False,False,False,False,False,True,False,False,False,False,False,False,False,False,False,False,False,False,False,False,False,False,True,False,False,False,False,False,False,False,False,False,False,0,Normal,-0.3174288520765432,-0.015593002689468345
-0.3657604954253768,-0.1842868534749058,670,5732,3256,555,0.213518911203648,-0.1226269130212264,0.2814274232564628,True,False,False,False,True,False,False,True,False,False,False,False,False,False,False,False,True,False,False,False,False,False,True,False,False,False,False,False,False,False,False,False,False,False,False,False,False,False,False,False,False,False,False,True,0,Normal,-0.3657604954253768,-0.18428685347490578
-0.1130097703716406,-0.3428184240925457,547,13876,10160,484,-0.1645579567974994,-0.4230767883195078,-0.4249667114234137,True,False,False,False,False,False,False,True,False,False,False,False,False,False,False,False,False,False,False,False,False,False,True,False,False,False,False,False,False,False,False,False,False,False,False,False,False,False,False,False,False,False,False,False,0,Normal,-0.11300977037164059,-0.3428184240925457
-0.3662887101067849,-0.2157899219950778,620,6315,3422,557,-0.2590771737977863,-0.0451913781505353,0.1872415386324793,True,False,False,True,False,False,False,True,False,False,False,False,False,False,False,False,False,False,False,False,False,True,False,True,False,False,False,False,False,False,False,False,False,False,False,False,False,False,False,False,False,False,False,True,0,Normal,-0.3662887101067849,-0.21578992199507777
0.6359986478649278,0.5646731948917649,1242,47899,24512,1185,1.773085991708381,0.7105794421874098,1.1526468560283103,True,False,False,False,False,False,False,True,False,False,False,False,False,False,False,False,False,False,False,False,True,False,False,False,False,False,False,False,False,False,False,False,False,False,True,False,False,False,False,False,False,False,False,False,1,Above Average,0.6359986478649278,0.5646731948917652
0.1764518750399528,1.8593476882691575,2567,21009,11408,2256,0.4498169537043651,0.8344762979805154,2.259331000360117,False,True,False,True,False,False,False,True,False,False,False,False,False,False,False,False,False,False,False,False,True,False,False,True,False,False,False,False,False,False,False,False,False,False,False,False,False,False,False,False,False,False,False,True,1,Above Average,0.1764518750399528,1.8593476882691578
0.9444760218072098,-0.590778060186803,325,9105,5472,156,-0.0227791312970691,-0.4323690525039907,-0.3778737691114219,False,False,False,False,False,False,False,True,False,False,False,False,False,False,False,False,False,False,False,True,False,False,False,False,False,False,False,True,False,False,False,False,False,False,False,False,False,False,False,False,False,False,False,True,0,Normal,0.9444760218072098,-0.590778060186803
-0.2121380589158785,0.0423319942669769,916,11853,7024,758,-0.2590771737977863,-0.2620108757884704,-0.0246767017714836,True,False,False,False,False,False,False,True,False,False,False,False,False,False,False,False,False,False,False,True,False,False,False,False,False,True,False,False,False,False,False,False,False,False,False,False,False,False,False,False,False,False,False,False,0,Normal,-0.2121380589158785,0.04233199426697696
-0.3091534887344843,-0.2533903586159283,639,9389,5232,556,-0.3535963907980731,-0.3673232032126102,-0.2601414133314425,True,False,False,False,False,False,False,True,False,False,False,False,False,False,False,False,False,False,True,False,False,False,False,False,False,False,False,False,False,False,False,False,True,False,False,False,False,False,False,False,False,False,False,True,0,Normal,-0.3091534887344843,-0.2533903586159283
-0.0475111498770464,-0.0918101039479491,623,15678,10968,705,-0.3535963907980731,0.3357914534132648,0.0695091828524998,True,False,False,False,True,False,False,True,False,False,False,False,False,False,False,False,False,False,True,False,False,False,False,False,False,False,False,True,False,False,False,False,False,False,False,False,False,False,False,False,False,False,False,True,0,Normal,-0.047511149877046396,-0.09181010394794906
-0.3216545695278074,-0.3621267564113608,526,8242,5352,456,-0.3535963907980731,-0.3456412534488167,-0.3307808267994301,True,False,False,False,True,False,False,True,False,False,False,False,False,False,False,False,False,True,False,False,False,False,False,False,False,False,False,True,False,False,False,False,False,False,False,False,False,False,False,False,False,False,False,False,0,Normal,-0.3216545695278074,-0.3621267564113608
-0.2822145399826754,-0.0836802798137112,713,8452,5024,670,0.0244804772030742,0.1809203836718826,0.5639850771284135,True,False,False,False,True,False,False,True,False,False,False,False,False,False,False,False,True,False,False,False,False,False,False,False,False,False,False,False,False,False,False,False,False,True,False,False,False,False,False,False,False,False,False,True,0,Normal,-0.2822145399826754,-0.08368027981371116
1.3374677447747745,0.2994376825122519,1105,22130,14224,814,-0.2590771737977863,-0.0792630134936394,-0.3778737691114219,True,False,False,False,False,False,False,True,False,False,False,False,False,False,False,False,True,False,False,False,False,False,False,False,False,False,True,False,False,False,False,False,False,False,False,False,False,False,False,False,False,False,False,True,1,Above Average,1.3374677447747745,0.299437682512252
4.037701196132558,3.113373060975361,2254,48575,27328,1936,2.0566436427092416,5.638576881358191,2.3770633561400967,True,False,False,False,True,False,False,True,False,False,False,False,False,False,False,False,False,False,False,False,False,False,False,False,False,False,False,False,False,False,False,False,False,False,True,False,False,False,False,False,False,False,False,True,1,Above Average,4.037701196132558,3.1133730609753614
5.025110507244612,0.6286955599488887,1408,84046,32384,985,0.0244804772030742,0.0260493139305004,-0.2130484710194507,True,False,False,False,False,False,False,True,False,False,False,False,False,False,False,False,False,False,False,False,False,True,False,False,False,False,False,False,False,False,False,False,False,False,True,False,False,False,False,False,False,False,False,False,1,Above Average,5.025110507244612,0.6286955599488889
-0.3481533393784429,0.0443644503005364,838,6896,3998,683,0.1662593027035045,0.177822962277055,0.1636950674764834,True,False,False,False,True,False,False,True,False,False,False,False,False,False,False,False,False,False,False,False,True,False,False,False,False,False,False,False,False,False,False,False,False,False,False,False,False,False,False,False,True,False,False,False,0,Normal,-0.3481533393784429,0.044364450300536463
-0.3403181549375573,-0.2056276418272804,684,7692,4234,508,-0.3063367822979297,-0.351836096238472,-0.1188625863954671,True,False,False,False,False,False,False,True,False,False,False,False,False,False,False,False,False,False,False,False,True,False,False,False,False,False,False,False,False,False,False,False,False,True,False,False,False,False,False,False,False,False,False,False,0,Normal,-0.3403181549375573,-0.20562764182728038
-0.3925233726167164,-0.262536410766946,614,5685,3230,469,-0.2590771737977863,-0.265108297183298,0.0224162405405081,True,False,False,False,True,False,False,True,False,False,False,False,False,False,False,False,False,False,False,False,True,False,False,True,False,False,False,False,False,False,False,False,False,False,False,False,False,False,False,False,False,False,False,False,0,Normal,-0.3925233726167164,-0.262536410766946
-0.3184852814393593,-0.2554228146494878,642,7956,4696,492,-0.2118175652976428,-0.3859077315815761,-0.3307808267994301,True,False,False,False,False,False,False,True,False,False,False,False,False,False,False,False,False,False,False,True,False,False,False,False,False,False,False,False,False,False,False,False,False,True,False,False,False,False,False,False,False,False,False,False,0,Normal,-0.3184852814393593,-0.2554228146494878
-0.3787897909001079,-0.2676175508508447,575,5640,3206,471,-0.117298348297356,-0.1164320702315711,0.2578809521004669,True,False,False,False,True,False,False,True,False,False,False,False,False,False,False,False,False,False,False,True,False,False,False,False,False,False,False,True,False,False,False,False,False,False,False,False,False,False,False,False,False,False,False,True,0,Normal,-0.3787897909001079,-0.2676175508508447
0.928981724485908,-0.3042017594549155,597,8149,4864,389,-0.3535963907980731,-0.4013948385557143,-0.4485131825794096,True,False,False,False,False,False,False,True,False,False,False,False,False,False,False,False,False,False,True,False,False,False,False,True,False,False,False,False,False,False,False,False,False,False,False,False,False,False,False,False,False,False,False,False,0,Normal,0.928981724485908,-0.3042017594549155
-0.3742119303279051,-0.2239197461293157,633,6733,3992,514,-0.3535963907980731,-0.2031598692867451,-0.3072343556434342,True,False,False,False,False,False,False,True,False,False,False,False,False,False,False,False,False,True,False,False,False,False,False,False,False,False,False,False,False,False,False,False,False,True,False,False,False,False,False,False,False,False,False,True,0,Normal,-0.3742119303279051,-0.22391974612931567
-0.17709981838248,-0.4027758770825506,497,7072,4732,382,-0.3535963907980731,-0.4416613166884737,-0.5191525960473973,True,False,False,False,False,False,False,True,False,False,False,False,False,False,False,False,False,True,False,False,False,False,False,False,False,False,False,False,True,False,False,False,False,False,False,False,False,False,False,False,False,False,False,False,0,Normal,-0.17709981838248,-0.4027758770825506
-0.4652409270905534,-0.341802196075766,565,4954,2604,440,-0.1645579567974994,-0.4354664738988184,-0.5662455383593891,True,False,False,False,False,False,False,True,False,False,False,False,False,False,False,False,True,False,False,False,False,False,False,False,False,False,False,False,False,False,False,False,False,True,False,False,False,False,False,False,False,False,False,False,0,Normal,-0.4652409270905534,-0.341802196075766
-0.4742205766744897,-0.4048083331161101,495,3821,2112,385,-0.3535963907980731,-0.4013948385557143,-0.3072343556434342,True,False,False,False,True,False,False,True,False,False,False,False,False,False,False,False,True,False,False,False,False,False,True,False,False,False,False,False,False,False,False,False,False,False,False,False,False,False,False,False,False,False,False,True,0,Normal,-0.4742205766744897,-0.4048083331161101
0.8057316321573706,1.0290893985601075,1367,43980,24720,1568,-0.0700387397972125,1.8225537229305335,1.9296804041761748,True,False,False,True,False,False,False,True,False,False,False,False,False,False,False,False,False,False,False,False,False,False,False,False,False,False,False,False,False,False,False,False,False,True,False,False,False,False,False,False,False,False,False,True,1,Above Average,0.8057316321573706,1.0290893985601077
0.3088576885128958,-0.218838606045417,642,13546,9768,538,-0.3063367822979297,-0.2527186116039874,-0.2130484710194507,True,False,False,False,False,False,False,True,False,False,False,False,False,False,False,False,False,False,False,False,False,False,True,False,False,False,False,False,False,False,False,False,False,False,False,False,False,False,False,False,False,False,False,False,0,Normal,0.3088576885128958,-0.21883860604541697
-0.4410310875260192,-0.408873245183229,483,4747,2686,392,-0.3063367822979297,-0.3735180460022655,-0.3307808267994301,True,False,False,False,True,False,False,True,False,False,False,False,False,False,False,False,False,False,False,False,False,True,False,False,False,False,False,False,False,False,False,False,False,False,True,False,False,False,False,False,False,False,False,False,0,Normal,-0.4410310875260192,-0.408873245183229
-0.4253607186442481,-0.3245263197905103,542,5026,2868,461,-0.2118175652976428,-0.1969650264970898,-0.142409057551463,True,False,False,False,True,False,False,True,False,False,False,False,False,False,False,False,False,False,False,False,False,True,False,False,False,False,False,False,False,False,False,False,False,True,False,False,False,False,False,False,False,False,False,False,0,Normal,-0.4253607186442481,-0.3245263197905103
-0.4559971701659131,-0.4180192973342467,482,5011,2746,387,-0.3063367822979297,-0.3921025743712314,-0.4956061248914014,True,False,False,False,False,False,False,True,False,False,False,False,False,False,False,False,False,False,False,False,True,False,False,False,False,False,False,False,False,True,False,False,False,False,False,False,False,False,False,False,False,False,False,False,0,Normal,-0.4559971701659131,-0.4180192973342467
-0.4673537858161855,-0.4231004374181454,458,4010,2162,376,-0.3063367822979297,-0.2805954041574362,-0.0011302306154877,True,False,False,False,True,False,False,True,False,False,False,False,False,False,False,False,False,False,False,False,True,False,False,True,False,False,False,False,False,False,False,False,False,False,False,False,False,False,False,False,False,False,False,True,0,Normal,-0.4673537858161855,-0.4231004374181454
2.529120066031261,0.8776714240599258,1732,47977,25888,1103,-0.117298348297356,-0.2991799325264021,-0.3778737691114219,True,False,False,False,False,False,False,True,False,False,False,False,False,False,False,False,False,False,False,True,False,False,False,False,False,False,False,False,False,True,False,False,False,False,False,False,False,False,False,False,False,False,False,False,1,Above Average,2.529120066031261,0.877671424059926
-0.4436721609330594,-0.258471498699827,627,4447,2604,462,-0.3063367822979297,-0.3301541464746785,-0.2130484710194507,True,False,False,False,True,False,False,True,False,False,False,False,False,False,False,False,False,False,False,True,False,False,False,True,False,False,False,False,False,False,False,False,False,False,False,False,False,False,False,False,False,False,False,False,0,Normal,-0.4436721609330594,-0.258471498699827
-0.3320427915954984,-0.2086763258776196,631,6661,3864,505,0.0717400857032177,-0.0420939567557076,0.5875315482844093,True,False,False,False,True,False,False,True,False,False,False,False,False,False,False,False,False,False,True,False,False,False,False,False,False,False,False,False,False,False,False,False,False,True,False,False,False,False,False,False,False,False,False,False,0,Normal,-0.3320427915954984,-0.20867632587761958
-0.4485141288459662,-0.3895649128644139,481,4441,2512,395,-0.117298348297356,-0.2682057185781257,-0.0246767017714836,True,False,False,False,True,False,False,True,False,False,False,False,False,False,False,False,False,False,True,False,False,False,False,False,False,True,False,False,False,False,False,False,False,False,False,False,False,False,False,False,False,False,False,True,0,Normal,-0.4485141288459662,-0.3895649128644139
1.42127780755818,0.4508556570124337,1096,32842,16960,762,0.0717400857032177,0.4689805733908535,0.2578809521004669,True,False,False,False,False,False,False,True,False,False,False,False,False,False,False,False,False,True,False,False,False,False,False,False,False,False,False,False,False,False,False,False,False,True,False,False,False,False,False,False,False,False,False,True,1,Above Average,1.42127780755818,0.4508556570124338
1.1297033034209545,-0.1822543974413463,652,22022,16096,519,-0.1645579567974994,-0.1536011269695028,-0.2365949421754466,True,False,False,False,False,False,False,True,False,False,False,False,False,False,False,False,False,True,False,False,False,False,False,False,True,False,False,False,False,False,False,False,False,False,False,False,False,False,False,False,False,False,False,True,0,Normal,1.1297033034209545,-0.18225439744134628
2.509400051258696,0.4610179371802311,1106,42338,27232,788,-0.3063367822979297,0.6238516431322357,0.3049738944124587,False,False,False,False,False,False,False,True,False,False,False,False,False,False,False,False,True,False,False,False,False,False,False,False,False,False,True,False,False,False,False,False,False,False,False,False,False,False,False,False,False,False,False,False,1,Above Average,2.509400051258696,0.4610179371802312
-0.4116271369276396,-0.4566359619718769,444,4440,2664,316,-0.3063367822979297,-0.3890051529764037,-0.0717696440834754,True,False,False,False,True,False,False,True,False,False,False,False,False,False,False,False,False,False,False,False,False,False,False,True,False,False,False,False,False,False,False,False,False,False,False,False,False,False,False,False,False,False,False,False,0,Normal,-0.4116271369276396,-0.4566359619718769
-0.4187580351266479,-0.4434249977537403,453,4607,2862,347,-0.3063367822979297,-0.3549335176332997,-0.0246767017714836,True,False,False,False,True,False,False,True,False,False,False,False,False,False,False,False,False,False,False,False,False,True,False,False,False,False,False,False,False,False,True,False,False,False,False,False,False,False,False,False,False,False,False,False,0,Normal,-0.4187580351266479,-0.4434249977537403
-0.4020312368820606,-0.4332627175859428,455,5040,3114,344,-0.2590771737977863,-0.2496211902091598,-0.0482231729274795,True,False,False,False,True,False,False,True,False,False,False,False,False,False,False,False,False,False,False,False,False,True,False,True,False,False,False,False,False,False,False,False,False,False,False,False,False,False,False,False,False,False,False,False,0,Normal,-0.4020312368820606,-0.4332627175859428
-0.4812634390932632,-0.5074473628108641,390,3346,2044,301,-0.2590771737977863,-0.3766154673970932,-0.4249667114234137,True,False,False,False,True,False,False,True,False,False,False,False,False,False,False,False,False,False,False,False,True,False,False,False,False,False,False,False,False,True,False,False,False,False,False,False,False,False,False,False,False,False,False,True,0,Normal,-0.4812634390932632,-0.5074473628108641
0.8930631261501628,-0.5917942882035828,322,22907,16464,230,-0.3063367822979297,-0.4385638952936461,-0.4720596537354055,False,False,False,False,False,False,False,True,False,False,False,False,False,False,False,False,False,False,False,False,True,False,False,False,True,False,False,False,False,False,False,False,False,False,False,False,False,False,False,False,False,False,False,False,0,Normal,0.8930631261501628,-0.5917942882035828
-0.3786137193396386,-0.3011530754045762,566,6021,3606,441,-0.1645579567974994,-0.1226269130212264,-0.0246767017714836,True,False,False,True,False,False,False,True,False,False,False,False,False,False,False,False,False,False,False,True,False,False,False,False,False,False,False,False,False,False,False,False,False,True,False,False,False,False,False,False,False,False,False,False,0,Normal,-0.3786137193396386,-0.3011530754045762
-0.3672571036893662,-0.2828609711025409,586,6600,3916,463,-0.0227791312970691,-0.1102372274419158,-0.0717696440834754,True,False,False,True,False,False,False,True,False,False,False,False,False,False,False,False,False,False,False,True,False,False,False,True,False,False,False,False,False,False,False,False,False,False,False,False,False,False,False,False,False,False,False,False,0,Normal,-0.3672571036893662,-0.2828609711025409
-0.4180537488847705,-0.4505385938711985,433,4550,2830,335,-0.3063367822979297,-0.317764460895368,-0.2836878844874384,True,False,False,False,True,False,False,True,False,False,False,False,False,False,False,False,False,False,True,False,False,False,False,False,False,False,False,False,False,False,False,False,False,True,False,False,False,False,False,False,False,False,False,False,0,Normal,-0.4180537488847705,-0.4505385938711985
-0.3791419340210466,-0.3133478116059331,570,6032,3794,454,-0.3063367822979297,-0.2744005613677809,-0.3072343556434342,True,False,False,False,False,False,False,True,False,False,False,False,False,False,False,False,False,False,True,False,False,False,False,True,False,False,False,False,False,False,False,False,False,False,False,False,False,False,False,False,False,False,False,True,0,Normal,-0.3791419340210466,-0.3133478116059331
-0.4493064508680782,-0.4098894732000088,474,4166,2650,391,-0.2590771737977863,-0.3549335176332997,-0.2601414133314425,True,False,False,False,False,False,True,False,False,False,False,False,False,False,False,False,False,False,False,True,False,False,False,False,False,False,False,False,False,False,False,False,False,False,True,False,False,False,False,False,False,False,False,True,0,Normal,-0.4493064508680782,-0.4098894732000088
-0.3465686953342188,-0.1883517655420247,659,6956,4418,572,-0.2118175652976428,-0.0049249000177759,0.045962711696504,True,False,False,False,False,False,True,False,False,False,False,False,False,False,False,False,False,False,True,False,False,False,False,False,False,False,False,False,False,False,False,False,False,False,True,False,False,False,False,False,False,False,False,True,0,Normal,-0.3465686953342188,-0.18835176554202468
1.5726993495618116,0.7445455538617795,1480,1107833,48368,1513,-0.0227791312970691,0.1530435911184338,-0.2836878844874384,True,False,False,False,False,False,True,False,False,False,False,False,False,False,False,False,False,False,True,False,False,False,False,False,False,False,False,True,False,False,False,False,False,False,False,False,False,False,False,False,False,False,False,False,1,Above Average,1.5726993495618116,0.7445455538617797
-0.2105534148716544,0.0311534860823997,937,13246,8004,924,-0.2118175652976428,-0.4726355306367502,-0.4956061248914014,False,True,False,False,False,False,True,False,False,False,False,False,False,False,False,False,False,True,False,False,False,False,False,False,False,False,False,False,False,False,False,False,False,False,False,True,False,False,False,False,False,False,False,False,0,Normal,-0.2105534148716544,0.031153486082399758
-0.5295070466618622,-0.9098736574556424,25,1483,1062,15,-0.3535963907980731,-0.5500710655074412,-0.6368849518273767,True,False,False,False,False,False,True,False,False,False,False,False,False,False,False,False,False,True,False,False,False,False,False,False,False,False,False,False,False,False,True,False,False,False,False,False,False,False,False,False,False,False,False,False,0,Normal,-0.5295070466618622,-0.9098736574556424
-0.4305548296780936,-0.4617171020557757,455,5827,3302,361,-0.3063367822979297,-0.4664406878470948,-0.3778737691114219,True,False,False,False,False,False,True,False,False,False,False,False,False,False,False,False,False,True,False,False,False,False,False,False,False,False,False,False,False,False,True,False,False,False,False,False,False,False,False,False,False,False,False,False,0,Normal,-0.4305548296780936,-0.4617171020557757
-0.3883856909456869,-0.4037921050993303,505,6630,3892,403,-0.3535963907980731,-0.4292716311091631,-0.3072343556434342,True,False,False,False,False,False,True,False,False,False,False,False,False,False,False,False,False,True,False,False,False,False,False,False,True,False,False,False,False,False,False,False,False,False,False,False,False,False,False,False,False,False,False,False,0,Normal,-0.3883856909456869,-0.4037921050993303
-0.4329317957444297,-0.3885486848476341,513,5914,3198,402,-0.3535963907980731,-0.361128360422955,-0.3307808267994301,True,False,False,False,False,False,True,False,False,False,False,False,False,False,False,False,True,False,False,False,False,False,False,False,False,False,False,False,False,False,False,False,True,False,False,False,False,False,False,False,False,False,False,False,0,Normal,-0.4329317957444297,-0.3885486848476341
-0.4679700362778282,-0.4647657861061149,446,5079,2644,357,-0.3535963907980731,-0.4509535808729566,-0.4720596537354055,True,False,False,False,False,False,True,False,False,False,False,False,False,False,False,False,True,False,False,False,False,False,False,True,False,False,False,False,False,False,False,False,False,False,False,False,False,False,False,False,False,False,False,False,0,Normal,-0.4679700362778282,-0.4647657861061149
-0.6015203148938219,-0.7899587514756328,142,567,236,99,-0.3535963907980731,-0.5438762227177859,-0.6368849518273767,True,False,False,False,False,False,True,False,False,False,False,False,False,False,False,False,False,False,False,False,False,False,False,False,False,False,False,False,False,False,False,False,False,False,False,False,False,False,False,True,False,False,False,False,0,Normal,-0.6015203148938219,-0.7899587514756328
-0.4641844977277373,-0.3855000007972949,507,4650,2800,344,0.0244804772030742,-0.2124521334712281,-0.5662455383593891,True,False,False,False,False,False,True,False,False,False,False,False,False,False,False,False,False,False,False,False,False,False,False,False,False,False,False,False,False,False,False,False,False,False,False,False,False,False,True,False,False,False,False,False,0,Normal,-0.4641844977277373,-0.3855000007972949
-0.330282075990805,-0.1883517655420247,726,10987,5916,628,-0.3535963907980731,-0.4509535808729566,-0.4956061248914014,True,False,False,False,False,False,True,False,False,False,False,False,False,False,False,False,False,False,False,False,False,False,False,False,False,False,False,False,False,False,False,False,False,False,False,False,False,False,True,False,False,False,False,False,0,Normal,-0.330282075990805,-0.18835176554202468
-0.3093295602949537,-0.6487030571432484,245,9403,5752,259,-0.2590771737977863,-0.3394464106591615,-0.2836878844874384,False,False,False,False,True,False,True,False,False,False,False,False,False,False,False,False,False,False,False,False,False,False,False,True,False,False,False,False,False,False,False,False,False,False,False,False,False,False,False,False,False,False,False,False,0,Normal,-0.3093295602949537,-0.6487030571432484
-0.5947855777058696,-0.8021534876769897,130,723,380,93,-0.3535963907980731,-0.5314865371384754,-0.6133384806713809,True,False,False,False,False,False,True,False,False,False,False,False,False,False,False,False,False,False,False,False,False,True,False,False,False,False,False,False,False,False,False,False,False,False,False,False,False,False,True,False,False,False,False,False,0,Normal,-0.5947855777058696,-0.8021534876769897
-0.1346665723093693,0.4965859177675221,1339,18310,8848,1086,-0.1645579567974994,0.1096796915908468,-0.3307808267994301,True,False,False,False,False,False,True,False,False,False,False,False,False,False,False,False,False,False,False,False,False,True,False,False,False,False,False,False,False,False,False,False,False,False,False,False,False,True,False,False,False,False,False,False,0,Normal,-0.1346665723093693,0.4965859177675222
-0.3860967606595855,-0.5308206071967982,398,9065,5132,393,-0.3535963907980731,-0.5438762227177859,-0.6368849518273767,True,False,False,False,False,False,True,False,False,False,False,False,False,False,False,False,False,False,False,False,False,True,False,False,False,False,False,False,False,False,False,False,False,False,False,True,False,False,False,False,False,False,False,False,0,Normal,-0.3860967606595855,-0.5308206071967982
-0.4459610912191608,-0.788942523458853,144,6932,3758,140,-0.3535963907980731,-0.5407788013229583,-0.6368849518273767,True,False,False,False,False,False,True,False,False,False,False,False,False,False,False,False,False,False,False,False,False,True,False,False,False,False,False,False,False,False,False,False,False,False,False,True,False,False,False,False,False,False,False,False,0,Normal,-0.4459610912191608,-0.788942523458853
-0.4828921010276046,-0.910889885472422,23,3972,2012,19,-0.3535963907980731,-0.5314865371384754,-0.6368849518273767,False,False,False,False,False,False,True,False,False,False,False,False,False,False,False,False,False,False,False,False,False,True,False,False,False,False,False,False,False,False,False,False,False,False,True,False,False,False,False,False,False,False,False,False,0,Normal,-0.4828921010276046,-0.910889885472422
-0.4317873306013789,-0.7259363864185089,203,7451,4088,200,-0.3535963907980731,-0.5376813799281307,-0.6368849518273767,True,False,False,False,False,False,True,False,False,False,False,False,False,False,False,False,False,False,False,False,False,True,False,False,False,False,False,False,False,False,False,False,True,False,False,False,False,False,False,False,False,False,False,False,0,Normal,-0.4317873306013789,-0.7259363864185089
-0.5921004864087122,-0.7462609467541038,184,721,450,114,-0.3535963907980731,-0.5376813799281307,-0.6133384806713809,True,False,False,False,False,False,True,False,False,False,False,False,False,False,False,False,False,False,False,False,True,False,False,False,False,False,False,False,False,False,False,False,False,False,False,False,False,True,False,False,False,False,False,False,0,Normal,-0.5921004864087122,-0.7462609467541038
-0.1093122676017844,0.4986183738010816,1342,16634,8032,865,0.213518911203648,0.1034848488011915,-0.3072343556434342,True,False,False,False,False,False,True,False,False,False,False,False,False,False,False,False,False,False,False,False,True,False,False,False,False,False,False,False,False,False,False,False,False,False,False,False,False,True,False,False,False,False,False,False,0,Normal,-0.10931226760178439,0.4986183738010817
-0.36091852751247,-0.475944294290692,450,9348,5388,361,-0.3063367822979297,-0.5036097445850266,-0.6133384806713809,True,False,False,False,False,False,True,False,False,False,False,False,False,False,False,False,False,False,False,False,True,False,False,False,False,False,False,False,False,False,False,False,False,False,False,True,False,False,False,False,False,False,False,False,0,Normal,-0.36091852751247,-0.475944294290692
-0.2954199070178759,-0.3387535120254267,554,11519,6616,472,0.1662593027035045,-0.2558160329988151,-0.5426990672033931,True,False,False,False,False,False,True,False,False,False,False,False,False,False,False,False,False,False,False,False,True,False,False,False,False,False,False,False,False,False,False,False,False,False,False,True,False,False,False,False,False,False,False,False,0,Normal,-0.2954199070178759,-0.3387535120254267
-0.1892487560548644,0.1429385679281715,1037,13618,7984,705,0.4025573452042217,-0.1566985483643305,-0.6368849518273767,True,False,False,False,False,False,True,False,False,False,False,False,False,False,False,False,False,False,False,False,True,False,False,False,False,False,False,False,False,False,False,False,False,True,False,False,False,False,False,False,False,False,False,True,0,Normal,-0.1892487560548644,0.14293856792817158
4.799738909843858,0.4600017091634514,1268,72846,13184,475,-0.3535963907980731,-0.1288217558108817,-0.3307808267994301,True,False,False,False,False,False,True,False,False,False,False,False,False,False,False,False,False,False,False,False,True,False,False,False,False,False,False,False,False,False,True,False,False,False,False,False,False,False,False,False,False,False,False,False,1,Above Average,4.799738909843858,0.4600017091634515
-0.3597740623694193,-0.8306078721468224,71,8964,4830,92,-0.2590771737977863,-0.4509535808729566,-0.2836878844874384,False,False,False,True,False,False,True,False,False,False,False,False,False,False,False,False,False,False,False,False,True,False,False,False,False,False,True,False,False,False,False,False,False,False,False,False,False,False,False,False,False,False,False,False,0,Normal,-0.3597740623694193,-0.8306078721468224
-0.3963969469470418,-0.3661916684784798,528,6380,3730,363,-0.3063367822979297,-0.3146670395005403,-0.4249667114234137,True,False,False,False,False,False,True,False,False,False,False,False,False,False,False,False,False,False,False,False,True,False,False,True,False,False,False,False,False,False,False,False,False,False,False,False,False,False,False,False,False,False,False,False,0,Normal,-0.3963969469470418,-0.3661916684784798
-0.4307309012385629,-0.3804188607133962,526,6423,3466,379,-0.3063367822979297,-0.4633432664522672,-0.4720596537354055,True,False,False,False,False,False,True,False,False,False,False,False,False,False,False,False,False,False,False,True,False,False,False,False,False,False,False,False,False,False,True,False,False,False,False,False,False,False,False,False,False,False,False,False,0,Normal,-0.4307309012385629,-0.3804188607133962
-0.5307835654752648,-0.9261333057241184,9,1614,1008,9,-0.3535963907980731,-0.5500710655074412,-0.6368849518273767,True,False,False,False,False,False,True,False,False,False,False,False,False,False,False,False,False,False,False,True,False,False,False,False,True,False,False,False,False,False,False,False,False,False,False,False,False,False,False,False,False,False,False,True,0,Normal,-0.5307835654752648,-0.9261333057241184
0.9057402785039552,0.6815394168214354,1156,184270,30720,1292,0.1189996942033611,1.506616740658114,1.6471227503042245,True,False,False,False,True,False,True,False,False,False,False,False,False,False,False,False,False,False,True,False,False,False,False,False,False,False,False,False,False,False,False,False,False,True,False,False,False,False,False,False,False,False,False,False,1,Above Average,0.9057402785039552,0.6815394168214356
-0.3770290752954145,-0.3367210559918672,556,8146,3920,363,-0.3063367822979297,-0.3580309390281273,-0.4014202402674178,True,False,False,False,True,False,True,False,False,False,False,False,False,False,False,False,True,False,False,False,False,False,False,False,False,False,False,False,False,True,False,False,False,False,False,False,False,False,False,False,False,False,False,False,0,Normal,-0.3770290752954145,-0.3367210559918672
-0.3781735404384652,-0.3224938637569509,582,7034,3588,345,-0.3535963907980731,-0.4013948385557143,-0.1659555287074589,True,False,False,True,False,False,True,False,False,False,False,False,False,False,False,False,True,False,False,False,False,False,False,False,False,True,False,False,False,False,False,False,False,False,False,False,False,False,False,False,False,False,False,False,0,Normal,-0.3781735404384652,-0.3224938637569509
-0.4177896415440665,-0.2127412379447386,678,6937,3478,346,-0.3063367822979297,-0.3797128887919208,-0.4720596537354055,True,False,False,False,False,False,True,False,False,False,False,False,False,False,False,False,False,False,False,False,False,False,False,False,False,False,False,False,False,False,False,False,False,True,False,False,False,False,False,False,False,False,False,True,0,Normal,-0.4177896415440665,-0.21274123794473856
3.7376752570928047,10.702563890286482,11328,16682,10336,1356,0.1189996942033611,0.0601209492736045,-0.142409057551463,True,False,False,False,False,False,True,False,False,False,False,False,False,False,False,False,False,False,False,False,False,False,True,False,False,False,False,False,False,False,False,False,False,False,False,False,False,False,False,False,False,False,False,True,2,Viral,3.7376752570928047,10.702563890286484
-0.2941874060945905,1.450824025523701,2300,9837,5296,642,-0.0700387397972125,-0.2774979827626086,-0.0717696440834754,True,False,False,False,False,False,True,False,False,False,False,False,False,False,False,False,False,False,False,False,False,True,False,False,False,False,False,False,False,False,True,False,False,False,False,False,False,False,False,False,False,False,False,True,0,Normal,-0.2941874060945905,1.4508240255237013
0.0183396137384863,0.9447424731673888,1819,9579,4664,413,-0.2590771737977863,-0.3673232032126102,-0.4956061248914014,True,False,False,False,False,False,True,False,False,False,False,False,False,False,False,False,False,False,False,False,False,True,False,False,False,True,False,False,False,False,False,False,False,False,False,False,False,False,False,False,False,False,False,True,0,Normal,0.018339613738486308,0.944742473167389
0.5789514622728619,1.4010288527014936,2127,160270,25424,1146,-0.0700387397972125,0.1747255408822273,-0.0246767017714836,True,False,False,False,False,True,False,False,False,False,False,False,False,False,False,False,False,False,False,False,True,False,False,False,False,False,False,False,False,False,False,False,False,True,False,False,False,False,False,False,False,False,False,True,1,Above Average,0.5789514622728619,1.4010288527014938
0.2916026755869005,0.9711644016036622,1800,14636,7632,656,-0.2118175652976428,-0.0916526990729499,-0.142409057551463,True,False,False,False,False,True,False,False,False,False,False,False,False,False,False,False,False,False,False,False,True,False,False,False,False,False,True,False,False,False,False,False,False,False,False,False,False,False,False,False,False,False,False,False,0,Normal,0.2916026755869005,0.9711644016036625
-0.3295777897489276,0.4488232009788742,1313,9122,4716,497,-0.3535963907980731,-0.2527186116039874,0.045962711696504,True,False,False,False,False,True,False,False,False,False,False,False,False,False,False,False,False,False,False,True,False,False,False,False,False,False,False,False,False,False,False,False,True,False,False,False,False,False,False,False,False,False,False,False,0,Normal,-0.3295777897489276,0.4488232009788743
-0.3573090605228485,0.3217946988814063,1218,9103,4764,483,-0.1645579567974994,-0.3982974171608867,-0.2836878844874384,True,False,False,False,False,True,False,False,False,False,False,False,False,False,False,False,False,False,False,True,False,False,False,False,False,False,True,False,False,False,False,False,False,False,False,False,False,False,False,False,False,False,False,False,0,Normal,-0.3573090605228485,0.32179469888140644
-0.3532594146320537,0.2150907571195332,1087,8471,4528,446,-0.2118175652976428,-0.2465237688143321,-0.0011302306154877,True,False,False,False,True,True,False,False,False,False,False,False,False,False,False,False,False,False,True,False,False,False,False,False,False,False,False,False,False,False,False,False,True,False,False,False,False,False,False,False,False,False,False,False,0,Normal,-0.3532594146320537,0.2150907571195333
-0.1925941157037818,0.4701639893312488,1288,11276,6260,630,0.3080381282039348,0.0632183706684322,1.0113680290923353,True,False,False,False,True,True,False,False,False,False,False,False,False,False,False,False,False,False,True,False,False,False,False,True,False,False,False,False,False,False,False,False,False,False,False,False,False,False,False,False,False,False,False,False,0,Normal,-0.1925941157037818,0.4701639893312489
-0.237844506744402,0.1774903204986827,1029,9670,5640,465,-0.117298348297356,-0.0575810637298459,0.6110780194404053,True,False,False,False,True,True,False,False,False,False,False,False,False,False,False,False,False,True,False,False,False,False,False,False,False,False,False,False,False,False,False,False,False,True,False,False,False,False,False,False,False,False,False,False,0,Normal,-0.237844506744402,0.1774903204986828
-0.4449046618563447,0.0291210300488402,940,5249,2694,398,-0.3063367822979297,-0.4819277948212331,-0.4956061248914014,True,False,False,False,False,True,False,False,False,False,False,False,False,False,False,False,False,True,False,False,False,False,False,False,False,False,False,False,False,True,False,False,False,False,False,False,False,False,False,False,False,False,False,True,0,Normal,-0.4449046618563447,0.029121030048840257
0.6261386404786448,1.3847692044330178,2190,9183,4560,621,-0.0700387397972125,-0.0730681707039841,-0.2130484710194507,True,False,False,False,False,True,False,False,False,False,False,False,False,False,False,False,False,True,False,False,False,False,False,False,False,False,True,False,False,False,False,False,False,False,False,False,False,False,False,False,False,False,False,False,0,Normal,0.6261386404786448,1.384769204433018
-0.2938352629736518,0.3238271549149658,1189,9781,5348,606,-0.117298348297356,-0.1536011269695028,0.1166021251644916,True,False,False,False,True,True,False,False,False,False,False,False,False,False,False,False,True,False,False,False,False,False,False,False,False,False,False,False,False,False,False,False,False,True,False,False,False,False,False,False,False,False,False,False,0,Normal,-0.2938352629736518,0.3238271549149659
-0.3791419340210466,0.1348087437939335,994,6285,3578,441,-0.2590771737977863,-0.1505037055746752,0.1166021251644916,True,False,False,True,False,True,False,False,False,False,False,False,False,False,False,False,True,False,False,False,False,False,False,True,False,False,False,False,False,False,False,False,False,False,False,False,False,False,False,False,False,False,False,True,0,Normal,-0.3791419340210466,0.1348087437939336
1.8318766865726788,3.682460750372017,3586,648611,47488,3430,6.546306450222867,4.2385424108960965,3.625026327407879,True,False,False,False,True,True,False,False,False,False,False,False,False,False,False,False,False,False,False,False,False,False,False,False,False,False,False,False,False,False,False,False,False,True,False,False,False,False,False,False,False,False,False,False,2,Viral,1.8318766865726788,3.6824607503720173
-0.3531713788518191,0.3766710117875124,1264,8536,4884,706,-0.117298348297356,-0.3053747753160574,-0.3778737691114219,True,False,False,False,False,True,False,False,False,False,False,False,False,False,False,False,False,False,False,False,False,False,False,False,True,False,False,False,False,False,False,False,False,False,False,False,False,False,False,False,False,False,False,False,0,Normal,-0.3531713788518191,0.3766710117875125
-0.1700569559637064,0.516910478103117,1346,11744,6964,742,0.544336170704652,0.1127771129856745,1.1997397983403024,True,False,False,False,True,True,False,False,False,False,False,False,False,False,False,False,False,False,False,False,False,True,False,False,False,False,False,False,False,False,False,False,False,True,False,False,False,False,False,False,False,False,False,True,0,Normal,-0.1700569559637064,0.5169104781031172
6.146334204313364,0.805519234868564,1633,8907,5696,593,0.0244804772030742,-0.135016598600537,0.1636950674764834,True,False,False,False,True,True,False,False,False,False,False,False,False,False,False,False,False,False,False,False,False,True,True,False,False,False,False,False,False,False,False,False,False,False,False,False,False,False,False,False,False,False,False,True,1,Above Average,6.146334204313364,0.8055192348685642
6.351985786941552,1.5869985797721866,2319,81938,20608,1034,0.0717400857032177,0.2800378683063672,0.2107880097884752,True,False,False,False,False,True,False,False,False,False,False,False,False,False,False,False,False,False,False,False,True,False,False,False,False,False,False,False,False,False,False,False,False,True,False,False,False,False,False,False,False,False,False,False,1,Above Average,6.351985786941552,1.5869985797721868
-0.3265845732209489,0.2496425096900445,1115,7316,4280,583,-0.1645579567974994,-0.1536011269695028,0.2578809521004669,True,False,False,False,True,True,False,False,False,False,False,False,False,False,False,False,False,False,False,False,True,False,False,True,False,False,False,False,False,False,False,False,False,False,False,False,False,False,False,False,False,False,False,False,0,Normal,-0.3265845732209489,0.2496425096900446
-0.3989499845738472,0.0291210300488402,923,5362,3370,447,-0.2118175652976428,-0.404492259950542,-0.142409057551463,True,False,False,True,False,True,False,False,False,False,False,False,False,False,False,False,False,False,False,True,False,False,False,False,False,False,False,False,False,False,False,False,False,True,False,False,False,False,False,False,False,False,False,True,0,Normal,-0.3989499845738472,0.029121030048840257
0.0870075223215285,0.2719995260591988,1071,47976,13560,677,-0.3063367822979297,0.0694132134580874,0.2343344809444711,True,False,False,True,False,True,False,False,False,False,False,False,False,False,False,False,False,False,False,True,False,False,False,True,False,False,False,False,False,False,False,False,False,False,False,False,False,False,False,False,False,False,False,True,0,Normal,0.08700752232152852,0.2719995260591989
0.0609489313720663,0.6632473125194001,1401,28247,13312,1052,-0.117298348297356,0.2676481827270566,0.2107880097884752,True,False,False,False,False,True,False,False,False,False,False,False,False,False,False,False,False,False,True,False,False,False,False,False,False,False,False,False,False,False,False,False,True,False,False,False,False,False,False,False,False,False,False,False,1,Above Average,0.060948931372066306,0.6632473125194003
-0.1925941157037818,0.3299245230156442,1175,11885,6672,729,0.1189996942033611,0.0477312636942939,0.7994497886883722,True,False,False,False,True,True,False,False,False,False,False,False,False,False,False,False,False,False,True,False,False,False,False,True,False,False,False,False,False,False,False,False,False,False,False,False,False,False,False,False,False,False,False,False,0,Normal,-0.1925941157037818,0.3299245230156443
-0.2001651928039634,-0.4800092063578111,381,13919,8460,392,-0.1645579567974994,-0.1969650264970898,-0.3307808267994301,False,False,False,False,False,True,False,False,False,False,False,False,False,False,False,False,False,True,False,False,False,False,False,False,False,False,False,False,False,False,False,False,False,True,False,False,False,False,False,False,False,False,False,False,0,Normal,-0.2001651928039634,-0.4800092063578111
-0.2716502463545151,0.1480197080120702,1002,8753,4880,570,-0.0227791312970691,-0.0544836423350182,0.7052639040643889,True,False,False,False,True,True,False,False,False,False,False,False,False,False,False,False,False,True,False,False,False,False,False,True,False,False,False,False,False,False,False,False,False,False,False,False,False,False,False,False,False,False,False,False,0,Normal,-0.2716502463545151,0.1480197080120703
-0.3813428285269133,-0.0643719474948961,837,7420,4232,466,-0.3535963907980731,-0.4075896813453696,-0.2836878844874384,True,False,False,False,False,True,False,False,False,False,False,False,False,False,False,False,True,False,False,False,False,False,False,False,False,False,False,False,False,False,False,False,False,True,False,False,False,False,False,False,False,False,False,False,0,Normal,-0.3813428285269133,-0.06437194749489605
-0.2980609804249159,0.0850135709717261,944,8294,4736,576,-0.1645579567974994,-0.1288217558108817,0.3520668367244505,True,False,False,False,True,True,False,False,False,False,False,False,False,False,False,False,True,False,False,False,False,False,False,False,True,False,False,False,False,False,False,False,False,False,False,False,False,False,False,False,False,False,False,True,0,Normal,-0.2980609804249159,0.08501357097172617
0.3532277217511692,0.6012574034958357,1479,6338,3672,497,-0.3535963907980731,-0.3239593036850232,-0.3307808267994301,True,False,False,False,False,True,False,False,False,False,False,False,False,False,False,False,False,False,False,False,False,False,False,False,False,False,False,False,False,False,False,False,True,False,False,False,False,False,False,False,False,False,False,False,0,Normal,0.3532277217511692,0.6012574034958359
-0.3587176330066032,0.2628534739081812,1143,6101,3546,420,-0.3535963907980731,-0.3487386748436444,-0.1895019998634548,True,False,False,False,True,False,False,False,False,False,False,False,False,False,False,False,False,False,False,False,True,False,False,False,False,False,False,False,False,False,False,False,False,False,False,False,True,False,False,False,False,False,False,True,0,Normal,-0.3587176330066032,0.2628534739081813
1.0205389359299644,1.8369906719000035,2288,66311,34352,2021,-0.0227791312970691,1.2433359220977644,0.46979919250443,True,False,False,False,False,False,False,False,False,False,False,False,False,False,False,False,False,False,False,False,True,False,False,False,False,False,False,False,False,False,True,False,False,False,False,False,False,False,False,False,False,False,False,True,1,Above Average,1.0205389359299644,1.8369906719000038
1.1311118759047092,-0.3539969322771229,496,12522,8176,167,-0.3063367822979297,-0.2372315046298492,-0.5191525960473973,False,False,False,False,False,False,False,False,False,False,False,False,False,False,False,False,False,False,False,False,True,False,False,False,True,False,False,False,False,False,False,False,False,False,False,False,False,False,False,False,False,False,False,False,0,Normal,1.1311118759047092,-0.3539969322771229
-0.3683135330521822,0.2242368092705509,1099,5225,3098,483,-0.3063367822979297,-0.3208618822901956,0.0930556540084957,True,False,False,False,True,False,False,False,False,False,False,False,False,False,False,False,False,False,False,True,False,False,False,False,False,False,False,False,False,False,False,False,False,True,False,False,False,False,False,False,False,False,False,False,0,Normal,-0.3683135330521822,0.22423680927055098
-0.3454242301911682,0.1998473368678371,1078,6823,3788,487,-0.0227791312970691,-0.2898876683419192,0.2107880097884752,True,False,False,False,True,False,False,False,False,False,False,False,False,False,False,False,False,False,False,True,False,False,False,False,True,False,False,False,False,False,False,False,False,False,False,False,False,False,False,False,False,False,False,False,0,Normal,-0.3454242301911682,0.19984733686783718
-0.106495122634275,0.8553144076907715,1635,8774,5124,722,2.292941685209959,0.5650006366305105,1.694215692616216,True,False,False,True,False,False,False,False,False,False,False,False,False,False,False,False,False,False,True,False,False,False,False,False,False,False,False,False,False,False,False,True,False,False,False,False,False,False,False,False,False,False,False,False,0,Normal,-0.10649512263427499,0.8553144076907717
-0.3946362313423484,-0.868208308767673,63,6625,3804,59,-0.3535963907980731,-0.534583958533303,-0.5897920095153849,False,False,False,False,False,False,False,False,False,False,False,False,False,False,False,False,False,False,True,False,False,False,False,False,True,False,False,False,False,False,False,False,False,False,False,False,False,False,False,False,False,False,False,True,0,Normal,-0.3946362313423484,-0.868208308767673
2.3276942008543373,2.0819016239439216,2833,17809,11328,801,-0.2118175652976428,0.0291467353253281,0.2107880097884752,True,False,False,False,True,False,False,False,False,False,False,False,False,False,False,False,False,True,False,False,False,False,False,False,False,False,False,False,False,False,True,False,False,False,False,False,False,False,False,False,False,False,False,False,1,Above Average,2.3276942008543373,2.081901623943922
-0.3687537119533556,0.1785065485154625,1058,5732,3412,453,-0.2590771737977863,-0.3363489892643338,-0.0246767017714836,True,False,False,True,False,False,False,False,False,False,False,False,False,False,False,False,False,True,False,False,False,False,False,True,False,False,False,False,False,False,False,False,False,False,False,False,False,False,False,False,False,False,False,False,0,Normal,-0.3687537119533556,0.17850654851546258
-0.3901464065503803,0.1439547959449512,1023,5485,3068,437,-0.2590771737977863,-0.2960825111315744,-0.0717696440834754,True,False,False,False,True,False,False,False,False,False,False,False,False,False,False,False,True,False,False,False,False,False,False,False,False,False,False,True,False,False,False,False,False,False,False,False,False,False,False,False,False,False,False,False,0,Normal,-0.3901464065503803,0.14395479594495128
-0.3845121166153614,-0.868208308767673,59,7041,3996,58,-0.3535963907980731,-0.5129020087695095,-0.5897920095153849,False,False,False,False,False,False,False,False,False,False,False,False,False,False,False,False,True,False,False,False,False,False,True,False,False,False,False,False,False,False,False,False,False,False,False,False,False,False,False,False,False,False,False,False,0,Normal,-0.3845121166153614,-0.868208308767673
-0.3904105138910843,0.101273219240202,993,5340,3094,440,-0.2590771737977863,-0.3766154673970932,-0.0482231729274795,True,False,False,False,True,False,False,False,False,False,False,False,False,False,False,False,False,False,False,False,False,False,False,False,False,False,False,False,False,False,False,False,True,False,False,False,False,False,False,False,False,False,False,False,0,Normal,-0.3904105138910843,0.10127321924020206
-0.3959567680458685,0.0372508541830782,937,4642,2842,393,-0.3063367822979297,-0.4137845241350249,-0.142409057551463,True,False,False,False,True,False,False,False,False,False,False,False,False,False,False,False,False,False,False,False,False,False,True,False,False,False,False,False,False,False,False,False,False,False,False,False,False,False,False,False,False,False,False,False,0,Normal,-0.3959567680458685,0.03725085418307826
-0.1850230386036002,0.4945534617339626,1271,8872,4876,660,0.6388553877049389,0.307914660859816,1.246832740652294,True,False,False,False,True,False,False,False,False,False,False,False,False,False,False,False,False,False,False,False,False,True,False,False,False,False,False,False,False,False,True,False,False,False,False,False,False,False,False,False,False,False,False,False,0,Normal,-0.1850230386036002,0.4945534617339627
-0.4007107001785406,0.0555429584851135,938,4932,2820,432,-0.3063367822979297,-0.3208618822901956,0.0224162405405081,True,False,False,False,True,False,False,False,False,False,False,False,False,False,False,False,False,False,False,False,False,True,True,False,False,False,False,False,False,False,False,False,False,False,False,False,False,False,False,False,False,False,False,False,0,Normal,-0.4007107001785406,0.055542958485113564
-0.3795821129222199,0.0311534860823997,911,5757,3300,431,-0.3063367822979297,-0.3053747753160574,0.0695091828524998,True,False,False,False,True,False,False,False,False,False,False,False,False,False,False,False,False,False,False,False,True,False,False,False,False,False,False,False,False,False,False,True,False,False,False,False,False,False,False,False,False,False,False,False,0,Normal,-0.3795821129222199,0.031153486082399758
-0.3397899402561493,0.0362346261662984,901,6085,3502,437,-0.3063367822979297,-0.2248418190505386,0.4462527213484341,True,False,False,False,True,False,False,False,False,False,False,False,False,False,False,False,False,False,False,False,True,False,False,True,False,False,False,False,False,False,False,False,False,False,False,False,False,False,False,False,False,False,False,True,0,Normal,-0.3397899402561493,0.03623462616629846
1.4093049414462648,-0.1700596612399894,655,15766,10720,220,-0.3535963907980731,-0.1536011269695028,-0.4249667114234137,False,False,False,False,False,False,False,False,False,False,False,False,False,False,False,False,False,False,False,True,False,False,False,False,False,False,False,False,False,False,False,True,False,False,False,False,False,False,False,False,False,False,False,False,0,Normal,1.4093049414462648,-0.17005966123998936
-0.2417180810747274,0.2628534739081812,1111,8632,5348,699,0.4498169537043651,0.0229518925356728,0.6581709617523971,True,False,False,False,True,False,False,False,False,False,False,False,False,False,False,False,False,False,False,False,False,False,True,False,False,False,False,False,False,False,False,False,False,False,False,False,False,False,False,False,False,False,False,False,0,Normal,-0.2417180810747274,0.2628534739081813
-0.3742999661081397,-0.112134664283544,756,5654,3230,422,0.1189996942033611,-0.1628933911539858,0.3285203655684546,True,False,False,False,True,False,False,False,False,False,False,False,False,False,False,False,False,False,False,False,False,True,False,False,False,False,False,False,False,False,True,False,False,False,False,False,False,False,False,False,False,False,False,False,0,Normal,-0.3742999661081397,-0.11213466428354396
-0.4058167754321514,-0.1903842215755842,708,4750,2876,392,-0.117298348297356,-0.3859077315815761,-0.0246767017714836,True,False,False,False,True,False,False,False,False,False,False,False,False,False,False,False,False,False,False,False,False,True,True,False,False,False,False,False,False,False,False,False,False,False,False,False,False,False,False,False,False,False,False,False,0,Normal,-0.4058167754321514,-0.19038422157558418
-0.4588143151334225,-0.3895649128644139,508,3961,2104,301,-0.3535963907980731,-0.3859077315815761,-0.1188625863954671,True,False,False,True,False,False,False,False,False,False,False,False,False,False,False,False,False,False,False,True,False,False,False,False,False,False,False,False,True,False,False,False,False,False,False,False,False,False,False,False,False,False,False,False,0,Normal,-0.4588143151334225,-0.3895649128644139
-0.4456969838784567,-0.3001368473877965,572,4742,2388,363,-0.1645579567974994,-0.2620108757884704,-0.2130484710194507,True,False,False,False,False,False,False,False,False,False,False,False,False,False,False,False,False,False,False,True,False,False,True,False,False,False,False,False,False,False,False,False,False,False,False,False,False,False,False,False,False,False,False,False,0,Normal,-0.4456969838784567,-0.3001368473877965
-0.4290582214141042,-0.2991206193710167,574,4534,2452,370,-0.0227791312970691,-0.2682057185781257,0.2578809521004669,True,False,False,False,True,False,False,False,False,False,False,False,False,False,False,False,False,False,True,False,False,False,False,False,False,False,False,False,False,False,False,True,False,False,False,False,False,False,False,False,False,False,False,False,0,Normal,-0.4290582214141042,-0.2991206193710167
-0.4276496489303495,-0.3621267564113608,524,3861,2200,316,-0.3535963907980731,-0.2682057185781257,0.0224162405405081,True,False,False,True,False,False,False,False,False,False,False,False,False,False,False,False,False,False,True,False,False,False,False,False,True,False,False,False,False,False,False,False,False,False,False,False,False,False,False,False,False,False,False,False,0,Normal,-0.4276496489303495,-0.3621267564113608
